quantity,unit,ingredient,ingredient_step,recipe_id
1.5,oz,151-proof demerara rum [lemon hart or el dorado],0,0
0.5,oz,lime juice,1,0
0.5,oz,sugar syrup,2,0
1,dash,angostura bitters,3,0
6,drops,[1/8 tsp.] pernod,4,0
8,oz,crushed ice,5,0
2,oz,siete leguas blanco tequila,0,1
3/4,oz,marie brizard crme de cacao,1,1
3/4,oz,lemon juice,2,1
1.5,oz,plymouth gin,0,2
3/4,oz,mari brizard white crme de cacao,1,2
3/4,oz,lillet blanc,2,2
3/4,oz,lemon juice,3,2
1 1/2,oz,pernod (or other absinthe substitute),0,3
1,,sugar cube,1,3
5,oz,cold filtered water,2,3
1,,perforated spoon,3,3
1,oz,gold tequila,0,4
1,oz,gold rum,1,4
2,oz,grapefruit juice,2,4
3,oz,pineapple juice,3,4
1.25,oz,brandy,0,5
0.5,oz,amontillado sherry,1,5
0.5,oz,lemon juice,2,5
1,,barspoon lime juice,3,5
0.5,oz,demerara syrup (2:1),4,5
1,oz,water,5,5
2.5,cups,sugar,0,6
1,cup,water,1,6
18,oz,lemon juice,2,6
4,oz,lime juice,3,6
1,,",500 ml brandy",4,6
18,oz,montilla sherry,5,6
1.5,qt,water,6,6
1.5,oz,bulleit rye whisky,0,7
0.5,oz,bowmore islay scotch whisky,1,7
0.25,oz,spiced rich syrup,2,7
1,oz,southern comfort,0,8
1,oz,amaretto,1,8
1/2,oz,sloe gin,2,8
1,oz,orange juice,3,8
1,oz,southern comfort,0,9
1,oz,amaretto,1,9
1/2,oz,sloe gin,2,9
,dash,of lemon juice,3,9
,,maraschino cherry,4,9
,,lemon slice,5,9
1.5,oz,gin,0,10
0.5,oz,yellow chartreuse,1,10
2.25,oz,gin,0,11
0.75,oz,yellow chartreuse,1,11
2,dash,es orange bitter,2,11
3,cl,cognac,0,12
3,cl,crme de cacao (brown),1,12
3,cl,cream,2,12
1 1/2,oz,grand marnier,0,13
3/4,oz,gin,1,13
3/4,oz,dry vermouth,2,13
1/4,oz,sweet vermouth,3,13
2,dash,es angostura bitters,4,13
1.5,oz,rye,0,14
.75,oz,dry vermouth,1,14
.75,oz,pineapple juice,2,14
2,oz,rye (or blended whiskey),0,15
1/2,oz,dry vermouth,1,15
1,oz,pineapple juice,2,15
2,oz,rittenhouse rye,0,16
.75,oz,noilly prat dry vermouth,1,16
.75,oz,pineapple juice,2,16
1 1/2,oz,bourbon,0,17
1,oz,lemon juice,1,17
1/2,oz,galliano,2,17
1,teaspoon,orgeat syrup,3,17
3,,to 5 ounces chilled club soda,4,17
2,oz,amaretto,0,18
1 1/2,oz,white crème de cacao,1,18
1,oz,heavy cream,2,18
1.5,oz,amaretto,0,19
0.75,oz,cask-strength bourbon,1,19
1,oz,lemon juice,2,19
1,tsp,rich simple syrup [2:1],3,19
0.5,oz,"egg white, beaten",4,19
2,oz,amaretto,0,20
1,oz,lemon juice,1,20
,,maraschino cherry,2,20
1,oz,light rum,0,21
,,⅓ ounce apple schnapps,1,21
2,dash,es passion fruit liqueur,2,21
1,oz,cranberry juice,3,21
3,cl,gin,0,22
3,cl,apricot brandy,1,22
3,cl,calvados,2,22
1/4,oz,crème de cacao,0,23
1/4,oz,crème de violette,1,23
1/4,oz,brandy,2,23
1/4,oz,heavy cream,3,23
2,oz,chilled white crème de cacao,0,24
1/2,oz,heavy cream,1,24
,,maraschino cherry,2,24
1.5,oz,angostura bitters,0,25
.75,oz,lime juice,1,25
1,oz,simple syrup [1:1],2,25
1,,egg white,3,25
1 1/2,oz,gin,0,26
1/2,oz,bénédictine,1,26
2,oz,grapefruit juice,2,26
,,orange slice,3,26
40,ml,campari,0,27
30,ml,noilly prat dry vermouth,1,27
30,ml,st. germain,2,27
1 1/2,oz,gin,0,28
1/2,oz,galliano,1,28
1/2,oz,crème de banane,2,28
1/2,oz,grapefruit juice,3,28
1.5,oz,rittenhouse rye,0,29
0.5,oz,noilly prat dry vermouth,1,29
0.25,oz,green chartreuse,2,29
0.25,oz,luxardo maraschino liqueur,3,29
2,oz,cognac,0,30
0.75,oz,lemon juice,1,30
0.75,oz,maraschino liquor,2,30
1,,egg white,3,30
1.5,oz,cognac,0,31
0.75,oz,absinthe,1,31
1,tsp,maraschino,2,31
0.5,tsp,lemon juice,3,31
2,tsp,egg white,4,31
1 1/2,oz,light rum,0,32
1/2,oz,apricot liqueur,1,32
2 1/2,oz,pineapple juice,2,32
1/2,oz,lemon juice,3,32
1/4,oz,galliano,4,32
,,orange slice,5,32
2,oz,baileys,0,33
3,oz,chai,1,33
,,brown sugar,2,33
,,cinnamon stick,3,33
4.5,cl,gin,0,34
1.5,cl,maraschino,1,34
1.5,cl,lemon juice,2,34
1 1/2,oz,silver tequila,0,35
1/2,oz,cointreau,1,35
1,oz,lime juice,2,35
1/2,oz,lemon juice,3,35
1/4,cup,diced ripe avocado,4,35
1,oz,half-and-half,5,35
1,teaspoon,sugar,6,35
,,lime wedge,7,35
,,avocado slice,8,35
2,oz,bourbon,0,36
1/4,oz,crème de cacao,1,36
1/4,oz,galliano (or other vanilla liqueur),2,36
3/4,oz,egg white,3,36
2,dash,es aztec chocolate bitters,4,36
,,nutmeg,5,36
1/2,oz,bénédictine,0,37
1/2,oz,cognac,1,37
2,cl,kahlua,0,38
2,cl,baileys irish cream,0,39
2,cl,grand marnier,1,39
4.5,cl,bacardi rum white,0,40
2,cl,lime juice,1,40
1,cl,grenadine,2,40
1,oz,dark rum,0,41
1/2,oz,coconut rum,1,41
1/2,oz,coffee liqueur,2,41
4,oz,pineapple juice,3,41
1 1/2,oz,lemon juice,4,41
1,tablespoon,151-proof demerara rum,5,41
,,pineapple wedge,6,41
,,maraschino cherry,7,41
1 1/2,oz,gin,0,42
2,oz,guava nectar,1,42
1/2,oz,lime juice,2,42
1,oz,pomegranate syrup,3,42
3,,to 4 ounces chilled club soda,4,42
,,lime wheel,5,42
,,orange blossom (or other edible flower),6,42
1,oz,rum,0,43
,,⅔ ounce crème de cacao,1,43
1/2,oz,crème de banane,2,43
2,oz,heavy cream,3,43
1,,"ripe banana, peeled and sliced",4,43
4.5,cl,gold rum,0,44
1.5,cl,galliano,1,44
6,cl,pineapple juice,2,44
1,dash,lime juice,3,44
,,lime wedge,0,45
,,superfine sugar,1,45
2,oz,gold rum,2,45
1/2,oz,cointreau,3,45
1/4,oz,maraschino liqueur,4,45
1/4,oz,cherry brandy,5,45
1/2,oz,lime juice,6,45
,,lime slice,7,45
2,oz,gin,0,46
1/2,oz,white crème de cacao,1,46
1,,egg white,2,46
1/2,teaspoon,grenadine,3,46
1/2,,jigger gin,0,47
1,,spoon lemon juice,1,47
1,,spoon orange juice,2,47
1,,spoon honey,3,47
,,juice from 1/4 lemon [~0.25 oz.],0,48
1,tsp,honey,1,48
1/2,,glass gin [~1 oz.],2,48
2,oz,plymouth gin,0,49
0.75,oz,honey syrup [2:1 honey:water],1,49
0.75,oz,lemon juice,2,49
2,oz,gin,0,50
0.75,oz,honey syrup [1:1 honey:water],1,50
0.5,oz,lemon juice,2,50
2,oz,gin,0,51
0.75,oz,honey syrup [3:1 honey:water],1,51
0.75,oz,lemon juice,2,51
1,oz,gin,0,52
,oz,campari,1,52
1/2,oz,limoncello,2,52
1/2,oz,mandarine napoléon (or other orange liqueur),3,52
,oz,orange juice,4,52
,,lime peel spiral,5,52
10,cl,prosecco,0,53
5,cl,peach puree,1,53
,,variations:,2,53
,,"puccini (mandarin juice),",3,53
,,"rossini (strawberry puree),",4,53
,,tintoretto (pomegranate juice).,5,53
1 1/2,oz,blended american whiskey,0,54
3/4,oz,harveys bristol cream sherry,1,54
1/2,oz,lemon juice,2,54
1,oz,simple syrup,3,54
1 1/2,oz,orange juice,4,54
1 1/2,oz,cranberry juice,5,54
1,oz,chilled 7-up,6,54
1,oz,chilled club soda,7,54
,,whole strawberry,8,54
,,lemon slice,9,54
,,mint sprig,10,54
1 1/2,oz,canadian blended whisky,0,55
1/2,oz,drambuie,1,55
1/4,oz,kirsch,2,55
3,cl,white rum,0,56
3,cl,cognac,1,56
3,cl,triple sec,2,56
2,cl,lemon juice,3,56
.75,oz,brandy,0,57
.75,oz,rum,1,57
.75,oz,cointreau,2,57
.75,oz,lemon juice.,3,57
1,oz,brandy,0,58
1,oz,gin,1,58
1,oz,cointreau,2,58
3/4,oz,lemon juice,3,58
1,oz,brandy,0,59
1,oz,white rum,1,59
1,oz,cointreau,2,59
1,dash,lemon juice,3,59
1.5,oz,brandy,0,60
.5,oz,bndictine,1,60
.5,oz,cointreau,2,60
.75,oz,lemon juice,3,60
1,oz,white rum,0,61
1,oz,cointreau,1,61
1,oz,cognac,2,61
.5,oz,lemon juice,3,61
1,oz,brandy,0,62
1,oz,white rum,1,62
1,oz,cointreau,2,62
.75,oz,lemon juice,3,62
1,oz,green chartreuse,0,63
1,oz,sweet vermouth,1,63
1,oz,plymouth gin,2,63
1,dash,orange bitters,3,63
1,oz,tanqueray gin,0,64
1,oz,dolin sweet vermouth,1,64
1,oz,green chartreuse,2,64
1,dash,house orange bitters,3,64
1.5,oz,gin,0,65
0.75,oz,sweet vermouth,1,65
0.75,oz,green chartreuse,2,65
2,dash,es orange bitters,3,65
1.5,oz,plymouth gin,0,66
0.75,oz,carpano antica sweet vermouth,1,66
0.5,oz,green chartreuse,2,66
1,dash,angostura bitters,3,66
3/4,oz,tequila,0,67
3/4,oz,white crème de cacao,1,67
1/4,oz,amaretto,2,67
1 1/2,oz,heavy cream,3,67
2,,lime wedges,0,68
,,salt,1,68
1 1/2,oz,pepper-infused tequila (see page 71),2,68
3/4,oz,triple sec or other orange liqueur,3,68
1 1/2,oz,sweet-and-sour,4,68
1/2,cup,"washed, stemmed, halved orange cherry tomatoes",5,68
1,cl,"ove garlic, finely minced",6,68
1,,chopped green onion,7,68
2,,to 3 dashes worcestershire sauce,8,68
2,,orange cherry tomatoes,9,68
1,oz,campari,0,69
12,oz,india pale ale,1,69
,,"pour campari into pint glass, top with ipa",2,69
,,garnish with lemon twist,3,69
,,,4,69
,,basically a rum martini.,0,70
,,,1,70
1/4,oz,dry vermouth,2,70
,,black olive,3,70
,,the black magic is a black russian with a dash of lemon juice.,0,71
1,oz,tequila,0,72
1,oz,vodka,1,72
2,oz,kahlúa,2,72
1,oz,gold rum,0,73
1/4,oz,southern comfort,1,73
1,teaspoon,sugar,2,73
1 1/2,oz,lime juice,3,73
2,oz,irish whiskey,0,74
1/4,oz,cointreau,1,74
1/4,oz,absinthe substitute (pernod or anisette),2,74
,dash,of maraschino liqueur,3,74
,dash,of angostura bitters,4,74
,,lemon twist,5,74
3,oz,bourbon (or blended whiskey),0,75
1,oz,cranberry juice,1,75
1/2,oz,lemon juice,2,75
1,oz,simple syrup,3,75
,,lemon slice,4,75
0.75,oz,scotch whisky,0,76
0.75,oz,cherry heering,1,76
0.75,oz,sweet vermouth,2,76
1,oz,orange juice,3,76
3/4,oz,blended scotch whisky,0,77
3/4,oz,sweet vermouth,1,77
3/4,oz,orange juice,2,77
3/4,oz,cherry heering,3,77
1.5,oz,famous grouse blended scotch whisky,0,78
0.75,oz,orange juice,1,78
0.5,oz,cherry heering,2,78
0.5,oz,carpano antica sweet vermouth,3,78
2,oz,silver tequila,0,79
1 1/2,oz,lime juice,1,79
1,cl,"ove garlic, finely minced",2,79
1/4,cup,chopped cucumber,3,79
2,,to 3 dashes worcestershire sauce,4,79
2,,to 3 dashes tabasco sauce or other hot sauce,5,79
4,,to 5 ounces tomato or v8 juice,6,79
,,lime wedge,7,79
,,celery stalk,8,79
1/2,oz,blue curaçao,0,80
1/2,oz,brandy,1,80
1/2,oz,parfait amour,2,80
1/2,oz,heavy cream,3,80
,dash,of lemon juice,4,80
1 1/2,oz,bourbon,0,81
1,oz,pineapple juice,1,81
1,oz,lemon juice,2,81
1/4,oz,maraschino liqueur,3,81
1,oz,light rum,0,82
1,oz,blue curaçao,1,82
1,oz,cream of coconut,2,82
2,oz,pineapple juice,3,82
,,pineapple wedge,4,82
,,maraschino cherry,5,82
,,lime wedge,0,83
,,kosher salt,1,83
2,oz,tequila,2,83
1,oz,blue curaçao,3,83
1,oz,cointreau (or triple sec),4,83
1,oz,lime juice,5,83
,,lemon wedge,0,84
,,sugar,1,84
2,oz,citron rum,2,84
1/2,oz,blue curaçao,3,84
1/2,oz,sweet-and-sour,4,84
,,orange blossom,5,84
1,oz,gin,0,85
1,oz,cointreau (or triple sec),1,85
,dash,of blue curaçao,2,85
3,,to 4 ounces chilled club soda,3,85
3/4,oz,tequila,0,86
1/4,oz,blue curaçao,1,86
2,,to 3 dashes galliano,2,86
1 1/2,oz,heavy cream,3,86
1 1/2,oz,tequila,0,87
1 1/2,oz,vodka,1,87
1/2,oz,"blue curaçao """,2,87
2,oz,highland malt scotch,0,88
3/4,oz,sweet vermouth,1,88
1/2,oz,benedictine,2,88
2,oz,amaretto,0,89
4,oz,orange juice,1,89
1,,to 2 ounces chilled club soda,2,89
,,orange slice,3,89
1 1/2,oz,light rum,0,90
3/4,oz,calvados (or applejack),1,90
1/2,teaspoon,sweet vermouth,2,90
,,lime wedge,0,91
,,salt,1,91
1 1/2,oz,silver tequila,2,91
1,oz,midori liqueur,3,91
1/2,oz,harlequin orange liqueur,4,91
1/2,oz,lime juice,5,91
1,tablespoon,superfine sugar,6,91
,,lemon twist,7,91
1 1/2,oz,cachaça (or light rum),0,92
1,oz,frangelico,1,92
1/2,oz,cointreau,2,92
3/4,oz,lime juice,3,92
3/4,oz,cranberry juice,4,92
1,tablespoon,honey,5,92
2,,cranberries,6,92
,,lime wedge,7,92
1 1/2,oz,gin,0,93
1 1/2,oz,apricot brandy,1,93
1/2,oz,lemon juice,2,93
,dash,of grenadine,3,93
1.5,oz,bourbon,0,94
1.0,oz,campari,1,94
1.0,oz,sweet vermouth,2,94
2.0,oz,bourbon or rye,0,95
1.0,oz,campari,1,95
1.0,oz,sweet vermouth,2,95
,,lemon wedge,0,96
2,oz,bourbon,1,96
5,oz,chilled ginger ale,2,96
,,lemon wedge,0,97
,,sugar,1,97
,,lemon peel spiral,2,97
2,oz,bourbon,3,97
1/2,oz,cointreau (or maraschino liqueur),4,97
1/2,oz,lemon juice,5,97
2,oz,bourbon,0,98
1/2,oz,dark crème de cacao,1,98
4,oz,milk (or 3 ounces half-and-half),2,98
,dash,of vanilla extract,3,98
1/4,teaspoon,ground cinnamon,4,98
,,freshly grated or ground nutmeg,5,98
2 1/2,oz,bourbon,0,99
1/2,oz,southern comfort,1,99
1/2,oz,lemon juice,2,99
5,,to 6 ounces chilled club soda,3,99
,,lemon wedge,4,99
2,oz,bourbon,0,100
1/2,oz,apricot brandy,1,100
1/2,oz,lemon juice,2,100
5,,to 6 ounces chilled ginger ale,3,100
,,lemon wheel,4,100
2,oz,bourbon,0,101
1,oz,dark crème de cacao,1,101
1,,to 2 vanilla beans or 1/2 teaspoon vanilla extract,2,101
4,cl,gin,0,102
1.5,cl,lemon juice,1,102
1,cl,sugar syrup,2,102
1.5,cl,blackberry liqueur,3,102
4,,to 5 blackberries,0,103
1,teaspoon,sugar,1,103
1,oz,lime juice,2,103
1 1/2,oz,gin,3,103
1/2,oz,crème de mûre (blackberry liqueur),4,103
3,,to 4 ounces chilled club soda,5,103
,,lime wedge,6,103
1.5,oz,cruzan single barrel rum,0,104
0.75,oz,b&b,1,104
1.5,oz,lemon sour [2:1 lemon juice:simple syrup],2,104
1,tsp,egg white,3,104
2,dash,es angostura orange bitters,4,104
1 1/2,oz,gold tequila,0,105
1,oz,kahlúa (or tia maria),1,105
1,oz,rye,0,106
1,oz,applejack,1,106
0.75,oz,curaao,2,106
0.75,oz,lemon juice,3,106
2,oz,beefeater gin,0,107
0.75,oz,orange juice,1,107
0.5,oz,dolin dry vermouth,2,107
0.5,oz,carpano antica sweet vermouth,3,107
2,oz,gin,0,108
0.25,oz,sweet vermouth,1,108
0.25,oz,dry vermouth,2,108
1,oz,orange juice,3,108
2,oz,gin,0,109
0.25,oz,sweet vermouth,1,109
0.25,oz,dry vermouth,2,109
1,oz,orange juice,3,109
1.5,oz,gin,0,110
0.25,oz,sweet vermouth,1,110
0.25,oz,dry vermouth,2,110
1.5,oz,orange juice,3,110
1.5,oz,gin,0,111
0.75,oz,orange juice,1,111
1,tsp,french vermouth,2,111
1,tsp,italian vermouth,3,111
2,oz,rittenhouse rye whisky,0,112
3/4,oz,dolin dry vermouth,1,112
0.25,oz,luxardo maraschino liqueur,2,112
0.25,oz,amer picon,3,112
2/3,,canadian club whiskey,0,113
1/3,,french vermouth,1,113
1,dash,maraschino liqueur,2,113
1,dash,amer picon,3,113
2,oz,rye whisky,0,114
3/4,oz,dry vermouth,1,114
2,tsp,maraschino liqueur,2,114
2,tsp,torani amer,3,114
2,oz,rye whisky,0,115
1,oz,dolin dry vermouth,1,115
0.25,oz,luxardo maraschino liqueur,2,115
0.25,oz,bigallet china china amer,3,115
1,drop,angostura bitters,4,115
1 1/2,oz,rye,0,116
3/4,oz,sweet vermouth,1,116
,dash,of maraschino liqueur,2,116
,,lemon twist,3,116
2,oz,bourbon,0,117
1,oz,grapefruit juice,1,117
0.5,oz,honey syrup [1:1],2,117
2,oz,bourbon,0,118
1,oz,grapefruit,1,118
0.5,oz,honey syrup [3:1],2,118
2,oz,makers mark bourbon,0,119
1,oz,grapefruit juice,1,119
0.75,oz,honey syrup [2:1],2,119
2,oz,8 or 15-year el dorado rum,0,120
0.25,oz,demerara simple syrup [1:1],1,120
1,oz,amaretto,0,121
1,oz,baileys irish cream,1,121
1,oz,tia maria (or other coffee liqueur),2,121
2,oz,heavy cream,3,121
2,oz,butterscotch schnapps,0,122
1 1/2,oz,baileys irish cream,1,122
6,oz,milk,2,122
1/2,oz,chocolate syrup,3,122
2,oz,good-quality reposado tequila,0,123
1,oz,grand marnier,1,123
1,oz,lime juice,2,123
,,lime peel spiral,3,123
1,oz,sambuca,0,124
1,oz,kahlúa or tia maria,1,124
1,oz,heavy cream,2,124
1,oz,famous grouse blended scotch whiskey,0,125
1,oz,jameson irish whiskey,1,125
0.75,oz,lemon juice,2,125
0.5,oz,kassatly chtaura orgeat,3,125
1,oz,scotch whiskey,0,126
1,oz,irish whiskey,1,126
0.75,oz,lemon juice,2,126
0.75,oz,orgeat,3,126
2,oz,canadian blended whisky,0,127
1/2,oz,cointreau,1,127
1,teaspoon,simple syrup,2,127
2,dash,es angostura bitters,3,127
1,oz,white crème de cacao,0,128
1,oz,crème de banane,1,128
1,oz,heavy cream,2,128
1 1/2,oz,gin,0,129
1/2,oz,limoncello,1,129
1/4,oz,peach schnapps,2,129
1,oz,grapefruit juice,3,129
1,oz,mango juice,4,129
,dash,of orgeat (or almond) syrup,5,129
1,oz,gold or dark rum,0,130
1,oz,crème de banane,1,130
1/2,oz,apricot brandy,2,130
1/2,oz,lemon juice,3,130
,dash,of sloe gin,4,130
,,banana slice,5,130
1,oz,gin,0,131
1,oz,crème de banane,1,131
1,oz,blue curaçao,2,131
1,oz,lemon juice,3,131
1/2,oz,heavy cream,4,131
,dash,of grenadine,5,131
,,orange slice,6,131
,,maraschino cherry,7,131
2 1/2,oz,light rum,0,132
1/2,oz,cointreau,1,132
1/2,oz,maraschino liqueur,2,132
1/2,oz,lime juice,3,132
1 1/2,oz,bourbon,0,133
3/4,oz,sweet marsala,1,133
3/4,oz,kahlúa,2,133
1,oz,heavy cream,3,133
4,cl,old tom gin,0,134
1,cl,marachino,1,134
1,cl,orange bitters,2,134
1,cl,lemon juice,3,134
1 1/2,oz,gold rum,0,135
3/4,oz,calvados,1,135
1 1/2,oz,orange juice,2,135
1,oz,lime juice,3,135
1,,teaspooon sugar,4,135
,,lime wedge,5,135
1 1/2,oz,gold rum,0,136
3/4,oz,white rum,1,136
1/4,oz,tia maria,2,136
1/4,oz,triple sec,3,136
1 1/2,oz,lime juice,4,136
,dash,of grenadine,5,136
,,mint sprig,6,136
9,cl,chilled champagne,0,137
1,cl,cognac,1,137
2,dash,es angostura bitters,2,137
1,,sugar cube,3,137
1.5,oz,cognac,0,138
0.75,oz,lemon,1,138
0.5,oz,green chartreuse,2,138
0.5,oz,simple syrup,3,138
2,dash,es angostura bitters,4,138
2,oz,hine vsop cognac,0,139
0.75,oz,lemon juice,1,139
0.5,oz,green chartreuse,2,139
0.25,oz,simple syrup,3,139
1,dash,angostura bitters,4,139
3,,glasses cognac [6 oz.],0,140
1,,glass chartreuse [2 oz.],1,140
1.5,,glasses sweetened lemon juice [3 oz.],2,140
1,dash,angostura bitters,3,140
1.5,oz,cognac,0,141
0.5,oz,green chartreuse,1,141
0.25,oz,lemon juice,2,141
0.125,oz,simple syrup,3,141
2,dash,es angostura bitters,4,141
1 1/2,oz,silver tequila,0,142
1/2,teaspoon,cointreau (or triple sec),1,142
1,oz,orange juice,2,142
1/2,oz,lemon juice,3,142
1/4,oz,grenadine,4,142
,,orange slice,5,142
1,oz,apricot brandy,0,143
1,oz,sloe gin,1,143
1,oz,lime juice,2,143
1,oz,marie brizard apry,0,144
1,oz,sloe gin,1,144
1,oz,lime juice,2,144
1.25,oz,green chartreuse,0,145
1,oz,pineapple juice,1,145
0.75,oz,lime juice,2,145
0.5,oz,velvet falernum,3,145
2,oz,gin,0,146
3/4,oz,cherry heering,1,146
1/4,oz,crème de cassis,2,146
1/4,oz,lemon juice,3,146
1/4,oz,simple syrup,4,146
,,lemon slice,5,146
,,maraschino cherry,6,146
,,mint sprig,7,146
1,oz,gold tequila,0,147
1,oz,cherry brandy,1,147
1/2,oz,lime juice,2,147
1,oz,apple juice,3,147
,,lime twist,4,147
3/4,oz,amaretto,0,148
3/4,oz,baileys irish cream,1,148
3/4,oz,dark crème de cacao,2,148
1 1/2,oz,gold tequila,0,149
3/4,oz,godiva liqueur,1,149
1/2,oz,cointreau,2,149
1,oz,sweet-and-sour,3,149
1/4,oz,orange juice,4,149
2,oz,dolin dry vermouth,0,150
0.75,oz,benedictine,1,150
0.25,oz,vieux pontarlier absinthe,2,150
1,dash,house orange bitters,3,150
1 1/2,oz,bourbon,0,151
1,oz,brandy,1,151
1/2,oz,triple sec,2,151
4,oz,chilled ginger ale,3,151
1,,"lime, quartered",0,152
1,tablespoon,honey,1,152
1,oz,damiana liqueur,2,152
1 1/2,oz,rum barbancourt,3,152
3,oz,tangerine juice,4,152
1,oz,gin,0,153
1,oz,dry vermouth,1,153
0.5,oz,triple sec,2,153
0.5,oz,apricot brandy,3,153
1 1/4,oz,gin,0,154
1 1/4,oz,rose’s lime juice,1,154
,,lime wedge,2,154
2 1/2,oz,blended scotch,0,155
1/2,oz,sweet vermouth,1,155
,dash,of angostura bitters,2,155
,,maraschino cherry,3,155
1 1/2,oz,silver tequila,0,156
,,lime wedge,1,156
,,kosher salt,2,156
1,,-1/2 oz. gin [tanqueray],0,157
1/2,oz,yellow chartreuse,1,157
1/2,oz,grapefruit juice,2,157
1/4,oz,simple syrup,3,157
1/4,oz,lemon juice,4,157
2,oz,plymouth gin,0,158
3/4,oz,yellow chartreuse,1,158
3/4,oz,grapefruit juice,2,158
1/4,oz,lemon juice,3,158
1.5,oz,gin,0,159
0.75,oz,simple syrup,1,159
0.75,oz,lemon juice,2,159
0.25,oz,raspberry syrup,3,159
2,tsp,egg white,4,159
2,oz,gin,0,160
0.75,oz,lemon juice,1,160
0.75,oz,simple syrup,2,160
5,,raspberries [not 5 oz],3,160
1,,egg white,4,160
2,oz,plymouth gin,0,161
0.75,oz,lemon juice,1,161
0.5,oz,simple syrup,2,161
1,,barspoon bonne maman raspberry preserves,3,161
1,,egg white,4,161
4.5,cl,gin,0,162
1.5,cl,raspberry syrup,1,162
1.5,cl,lemon juice,2,162
2,oz,wild turkey rye,0,163
0.75,oz,dolin rouge sweet vermouth,1,163
0.75,oz,benedictine,2,163
3,dash,es st. george absinthe,3,163
3,dash,es peychauds bitters,4,163
2,oz,rye (50% abv),0,164
0.5,oz,benedictine,1,164
0.5,oz,sweet vermouth,2,164
3,dash,es peychauds bitters,3,164
3,dash,es angostura bitters,4,164
3,dash,es absinthe,5,164
1,oz,rye,0,165
1,oz,cognac,1,165
0.5,oz,benedictine,2,165
2,dash,es peychauds,3,165
1,dash,absinthe,4,165
1,oz,gin,0,166
1,oz,kahlúa,1,166
1,oz,heavy cream,2,166
1 1/2,oz,malibu coconut rum,0,167
1/2,cup,coconut sorbet or gelato,1,167
1,oz,lime juice,2,167
1,oz,coconut milk,3,167
1,oz,pineapple juice,4,167
,,pineapple wedge,5,167
,,dusting of ground nutmeg,6,167
1 1/2,oz,bourbon,0,168
3/4,oz,crème de cacao,1,168
1/2,oz,lemon juice,2,168
1 1/2,oz,canadian whisky,0,169
1/2,oz,grand marnier,1,169
1/4,oz,lemon juice,2,169
,,orange twist,3,169
2,oz,reposado tequila,0,170
2,oz,grapefruit juice,1,170
1/2,oz,campari,2,170
2,,to 3 ounces chilled club soda,3,170
,,orange twist,4,170
,,* 0.5 oz. rittenhouse rye,0,171
,,* 0.5 oz. buffalo trace bourbon,1,171
,,* 0.5 oz. calvados,2,171
,,* 0.5 oz. hine h cognac,3,171
,,* 1 tsp rich demerara syrup,4,171
,,* 2 dashes angostura bitters,5,171
,,* 1 dash bittermens xocolatl mole bitters,6,171
2 1/2,oz,gin,0,172
1/2,oz,rose’s lime juice,1,172
,,lime wedge,2,172
2,oz,captain morgan spiced rum,0,173
1/2,,"banana, peeled and sliced",1,173
1/4,cup,or frozen raspberries,2,173
3/4,oz,lime juice,3,173
1/2,oz,simple syrup,4,173
2,,raspberries,5,173
1,,lime wheel,6,173
1.5,oz,cognac,0,174
0.5,oz,applejack,1,174
1,oz,sweet vermouth,2,174
2,dash,es angostura bitters,3,174
2,oz,applejack,0,175
0.75,oz,sweet vermouth,1,175
0.75,oz,brandy,2,175
1/4,,wine glass lemon juice [~0.5 oz.],0,176
1/4,,wine glass kina lillet,1,176
1/4,,wine glass cointreau,2,176
1/4,,wine glass dry gin,3,176
1,dash,absinthe,4,176
0.75,oz,beefeater gin,0,177
0.75,oz,lillet blanc,1,177
0.75,oz,marie brizard orange curacao,2,177
0.75,oz,lemon juice,3,177
4,cl,citron vodka,0,178
1.5,cl,cointreau,1,178
1.5,cl,lime juice,2,178
3,cl,cranberry juice,3,178
2,oz,gin,0,179
1,oz,cointreau,1,179
1,oz,apricot brandy,2,179
2,oz,citron vodka,0,180
3/4,oz,cointreau,1,180
1,oz,cranberry juice,2,180
1,oz,lime juice,3,180
,,lemon twist,4,180
1 1/2,oz,gin,0,181
1/2,oz,lemon juice,1,181
1/4,oz,grenadine,2,181
3/4,oz,ruby port,3,181
1/2,,lime,0,182
2,oz,light rum,1,182
4,,to 6 ounces chilled cola,2,182
5,cl,white rum,3,182
12,cl,cola,4,182
1,cl,lime juice,5,182
5,cl,white rum,0,183
12,cl,cola,1,183
1,cl,lime juice,2,183
1,oz,light rum,0,184
1,oz,cointreau,1,184
1,oz,lime juice,2,184
,,lime twist,3,184
1,tablespoon,superfine sugar,0,185
1,oz,lime juice,1,185
1/4,cup,thinly sliced english cucumber,2,185
1 1/2,oz,silver tequila,3,185
1,oz,cointreau,4,185
2,oz,white rum,0,186
1,oz,lime juice,1,186
0.75,oz,simple syrup,2,186
2,oz,banks 5 island rum,0,187
0.75,oz,lime juice,1,187
0.75,oz,simple syrup,2,187
,,shake on ice and strain,3,187
,,garnish with lime wheel,4,187
2,oz,light rum,0,188
1,oz,lime juice,1,188
0.5,oz,simple syrup,2,188
2,oz,bacardi rum,0,189
1,tsp,gum syrup,1,189
,,juice of 1/2 lime,2,189
4.5,cl,white rum,0,190
2.5,cl,lime juice,1,190
1.5,cl,simple syrup,2,190
,,juice of 6 limes,0,191
6,tsp,sugar,1,191
12,oz,bacardi cups,2,191
4,oz,mineral water,3,191
,,crushed ice,4,191
1 1/2,oz,irish whiskey,0,192
3/4,oz,drambuie,1,192
3/4,oz,lemon juice,2,192
3,,to 4 ounces chilled ginger ale,3,192
,,lemon twist,4,192
1,oz,gin,0,193
3/4,oz,campari,1,193
1 3/4,oz,orange juice,2,193
,,orange slice,3,193
3/4,oz,baileys irish cream,0,194
3/4,oz,dark crème de cacao,1,194
3/4,oz,vodka,2,194
1/4,cup,chocolate ice cream,3,194
,,chocolate shavings,4,194
0.75,oz,brandy,0,195
0.75,oz,applejack or calvados,1,195
0.75,oz,triple sec,2,195
0.75,oz,lemon juice,3,195
1,,part grenadine or raspberry syrup,0,196
1,,part chartreuse,1,196
8,,parts apple brandy,2,196
1,tsp,lemon juice,3,196
0.75,oz,applejack,0,197
0.75,oz,cognac,1,197
0.5,oz,lemon juice,2,197
1,oz,cointreau,3,197
2,oz,single-malt scotch,0,198
1,oz,canton ginger liqueur,1,198
,,lemon twist,2,198
1,oz,gin,0,199
1,oz,cognac,1,199
0.5,oz,dry vermouth,2,199
0.5,oz,sweet vermouth,3,199
2,dash,es angostura bitters,4,199
1 1/2,oz,blended whiskey,0,200
1/2,oz,southern comfort,1,200
1/2,oz,lime juice,2,200
1,teaspoon,sugar,3,200
,,orange slice,4,200
,,peach slice,5,200
1 1/2,oz,blended whiskey,0,201
1/2,oz,sweet vermouth,1,201
1/2,oz,cointreau,2,201
1/2,oz,lime juice,3,201
,,mint sprig,4,201
,,,5,201
6,cl,gin,6,201
2,drops,peach bitters,7,201
2,,mint leafs,8,201
1 1/2,oz,gin,0,202
1/2,oz,cherry brandy,1,202
3,oz,orange juice,2,202
3,,to 5 ounces chilled ginger beer,3,202
,,orange slice,4,202
2,oz,rye whiskey,0,203
0.5,oz,apple brandy,1,203
0.5,oz,green chartreuse,2,203
1,oz,gin,0,204
1,oz,galliano,1,204
1,oz,lime juice,2,204
3,,to 5 ounces chilled club soda,3,204
,,mint sprig,4,204
1,oz,amaretto,0,205
1/2,oz,orange curaçao,1,205
1/2,oz,vanilla-flavored vodka,2,205
2,oz,orange juice,3,205
2,oz,heavy cream,4,205
2,oz,"rye, bourbon, or blended canadian whisky",0,206
3/4,oz,dry vermouth,1,206
2,,to 3 dashes angostura bitters,2,206
,,lemon twist,3,206
1,oz,pernod,0,207
1,oz,dry vermouth,1,207
1,oz,sweet vermouth,2,207
1 1/2,oz,earl grey tea-infused tanqueray gin,0,208
1,oz,simple syrup [1:1],1,208
3/4,oz,lemon juice,2,208
1,,egg white,3,208
,,sugar half a glass rim--,4,208
1,,egg,0,209
1,tsp,sugar,1,209
2,oz,"liquor (sherry, port, madeira, applejack, gin, cognac, rum, or whiskey)",2,209
8,oz,milk,3,209
2,,large eggs,0,210
3,oz,[by volume] granulated sugar,1,210
2,oz,brandy,2,210
2,oz,spiced rum,3,210
6,oz,whole milk,4,210
4,oz,heavy cream,5,210
1/2,tsp,grated nutmeg,6,210
,,garnish with grated nutmeg,7,210
1,tbsp,p. fine sugar,0,211
1,tbsp,p. water,1,211
1,,egg,2,211
2,oz,cognac brandy,3,211
1,oz,santa cruz rum,4,211
3,oz,milk,5,211
1/2,,lime,0,212
1 1/2,oz,tequila,1,212
1/2,oz,crème de cassis,2,212
3,,to 4 ounces chilled ginger ale,3,212
1 1/2,oz,vodka,0,213
1/2,oz,blue curaçao,1,213
2,oz,sweet-and-sour,2,213
3,,to 4 ounces chilled 7-up,3,213
,,lemon wedge,4,213
2,oz,irish whiskey,0,214
1/4,oz,green chartreuse,1,214
1/4,oz,green crème de menthe,2,214
,,green cocktail olive,3,214
1 1/2,oz,vodka,0,215
1/2,oz,tuaca,1,215
1/2,oz,white crème de cacao,2,215
2,,to 3 ounces sparkling tangerine or orange beverage,3,215
,,orange slice,4,215
,,mint sprig,5,215
0.75,oz,rye whiskey,0,216
0.75,oz,lemon juice,1,216
0.75,oz,maraschino liqueur,2,216
0.75,oz,green chartreuse,3,216
2,oz,canadian blended whisky,0,217
1/2,oz,cointreau,1,217
1/2,oz,dubonnet rouge,2,217
,,lemon twist,3,217
1 1/2,oz,gin,0,218
1/2,oz,apricot brandy,1,218
1/2,oz,lime juice,2,218
1/4,oz,grenadine,3,218
1.75,oz,scotch,0,219
1.5,oz,apple cider,1,219
0.5,oz,averna amaro,2,219
0.25,oz,lemon juice,3,219
1,tsp,demerara syrup,4,219
0.5,tsp,st. elizabeth allspice dram,5,219
2,dash,es angostura bitters,6,219
3/4,oz,gin,0,220
1/4,oz,kirsch,1,220
1/4,oz,triple sec,2,220
1 1/2,oz,orange juice,3,220
1,teaspoon,lemon juice,4,220
,,orange twist,5,220
1 1/2,oz,gold rum,0,221
1/4,oz,triple sec,1,221
1/4,oz,maraschino liqueur,2,221
3/4,oz,orange juice,3,221
2,oz,gin,0,222
1/2,oz,lime juice,1,222
3,,to 5 ounces chilled ginger ale or ginger beer,2,222
,,lime wedge,3,222
1 1/2,oz,silver tequila,0,223
4,,to 5 ounces orange juice,1,223
1/2,oz,galliano,2,223
3,cl,gin,0,224
1.5,cl,lemon juice,1,224
2,dash,es sugar syrup,2,224
6,cl,champagne,3,224
3.5,cl,cognac,0,225
3.5,cl,disaronno,1,225
1 1/2,oz,bourbon,0,226
1 1/2,oz,brandy,1,226
1/2,oz,grand marnier,2,226
1/4,oz,lemon juice,3,226
1 1/2,oz,tequila,0,227
3/4,oz,blue curaçao,1,227
1/2,oz,crème de cacao,2,227
1/4,oz,crème de menthe,3,227
2,oz,heavy cream,4,227
2,oz,white rum,0,228
3/4,oz,lime juice,1,228
1/2,oz,simple syrup,2,228
,dash,of maraschino liqueur,3,228
2,oz,gold tequila,0,229
1/4,oz,triple sec,1,229
1/4,cup,pineapple chunks,2,229
1/2,oz,lime juice,3,229
6,,small mint leaves,0,230
3,oz,kentucky bourbon,1,230
1,oz,lemon juice,2,230
1,oz,simple syrup,3,230
,,mint sprig,4,230
1,cup,"seeded, cubed watermelon",0,231
1 1/2,oz,white rum,1,231
3/4,oz,lime juice,2,231
1/4,cup,lime sorbet,3,231
,,lime wheel,4,231
,,use 1 teaspoon powdered sugar,0,232
1,tablespoon,water,1,232
10,,to 12 mint sprigs,2,232
2,oz,cognac,3,232
,,and 2 ounces peach brandy.,4,232
2.5,oz,gin,0,233
0.5,oz,preserved lime juice [roses or angostura],1,233
,,gin sour,0,234
1,,part sugar syrup,1,234
2,,parts lime or lemon juice,2,234
8,,parts gin,3,234
1,,"-2 dashes lime, lemon, or orange bitters",4,234
2.5,oz,gin or vodka,0,235
0.75,oz,lime juice cordial,1,235
2,oz,gin,0,236
1,oz,lime,1,236
0.75,oz,simple,2,236
2,oz,plymouth gin,0,237
0.75,oz,lime cordial,1,237
0.75,oz,lime juice,2,237
2,oz,gin,0,238
1,oz,roses lime juice,1,238
,,lime wedge,2,238
8,,to 10 mint leaves,0,239
1/4,oz,lime juice,1,239
1/4,oz,lemon juice,2,239
1,teaspoon,sugar,3,239
2,oz,gin,4,239
,,mint sprig,5,239
2,oz,gin,0,240
1/2,oz,cointreau,1,240
1/2,oz,lemon juice,2,240
3,,to 5 ounces chilled club soda,3,240
,,lemon wedge,4,240
2,oz,gin,0,241
1/2,oz,orange juice,1,241
1/2,oz,lemon juice,2,241
2,dash,es grenadine,3,241
3.5,cl,scotch,0,242
3.5,cl,disaronno,1,242
3.5,cl,vodka,0,243
3.5,cl,disaronno,1,243
2.25,oz,bourbon,0,244
0.5,oz,amaretto,1,244
2,dash,es angostura bitters,2,244
1,oz,scotch,0,245
1,oz,amaretto,1,245
2,oz,scotch,2,245
1,oz,amaretto,3,245
1 1/2,oz,gin,0,246
1/2,oz,citron vodka,1,246
1,oz,cointreau,2,246
1/4,oz,brandy,3,246
3,,to 4 thin slices of ginger,4,246
,,candied ginger slice,5,246
2,oz,siete leguas reposado tequila,0,247
0.75,oz,lime juice,1,247
0.5,oz,vanilla syrup,2,247
0.25,oz,passion fruit syrup,3,247
0.25,oz,campari,4,247
0.5,oz,soda water,5,247
1 1/2,oz,white crème de cacao,0,248
3/4,oz,galliano,1,248
1 1/2,oz,heavy cream,2,248
2,cl,galliano,0,249
2,cl,triple sec,1,249
2,cl,orange juice,2,249
1,cl,cream,3,249
2,oz,rhum barbancourt,0,250
1 1/2,oz,lillet,1,250
1/2,oz,limoncello liqueur,2,250
,,lemon twist,3,250
1 1/2,oz,vodka,0,251
1,oz,pineapple juice,1,251
3/4,oz,galliano,2,251
3/4,oz,dark rum,0,252
3/4,oz,bourbon,1,252
3/4,oz,coffee liqueur,2,252
1 1/2,oz,gin,0,253
1,oz,cointreau,1,253
1,oz,pineapple juice,2,253
1/2,teaspoon,grenadine,3,253
1 1/2,oz,silver rum,0,254
3/4,oz,green chartreuse,1,254
3/4,oz,lime juice,2,254
1,tablespoon,superfine sugar,3,254
2,,to 3 ounces chilled club soda,4,254
,,lime wedge,5,254
5,cl,cognac,0,255
2,cl,crme de menthe (white),1,255
2,oz,russell's reserve rye,0,256
0.5,oz,yellow chartreuse,1,256
0.5,oz,bianco vermouth,2,256
1,dash,angostura bitters,3,256
1,dash,orange bitters,4,256
2,oz,rittenhouse bonded rye whiskey,0,257
1,oz,punt e mes,1,257
1,,barspoon yellow chartreuse,2,257
1,dash,angostura bitters,3,257
2,oz,rhum barbancourt,0,258
2,oz,guava nectar,1,258
3/4,oz,lime juice,2,258
1,teaspoon,superfine sugar,3,258
,,lime peel spiral,4,258
2,oz,peach schnapps,0,259
1,oz,vodka,1,259
4,oz,orange juice,2,259
,,orange slice,3,259
,,peach slice,4,259
2,oz,cognac,0,260
1,oz,sweet vermouth,1,260
2,dash,es angostura,2,260
1.5,oz,wild turkey rye,0,261
1,oz,lillet blanc,1,261
0.5,oz,lairds bonded apple brandy,2,261
0.25,oz,green chartreuse,3,261
3,dash,es abbotts or angostura bitters,4,261
1 1/2,oz,vodka,0,262
4,,to 5 ounces orange juice,1,262
1/2,oz,galliano,2,262
,,,3,262
,,"""4.5 cl vodka",4,262
1.5,cl,galliano (to float on drink),5,262
9,cl,"orange juice""",6,262
,,,7,262
1 1/2,oz,gold rum,0,263
3/4,oz,cointreau,1,263
3/4,oz,lemon juice,2,263
1,oz,dark rum,0,264
1/2,oz,peach schnapps,1,264
4,,to 5 ounces pineapple juice,2,264
1/4,oz,grenadine,3,264
2,oz,gin,0,265
1/2,oz,orange curaçao,1,265
1/4,oz,lime juice,2,265
1/4,oz,orange juice,3,265
,,lemon twist variation: add 1/4 ounce pineapple juice and a dash of angostura bitters.,4,265
1 1/2,oz,myers’s dark rum,0,266
1,oz,light rum,1,266
1,oz,frangelico,2,266
1/2,oz,kahlúa,3,266
3,oz,pineapple juice,4,266
1,oz,lime juice,5,266
1,tablespoon,simple syrup,6,266
,,lime wedge,7,266
0.75,oz,cognac,0,267
0.75,oz,cointreau,1,267
0.75,oz,lemon,2,267
0.75,oz,lillet blanc,3,267
4,cl,brandy,0,268
12,cl,ginger ale,1,268
1,,small pat of soft butter,0,269
1,tsp,brown sugar,1,269
,,vanilla extract,2,269
2,oz,dark rum,3,269
,,hot water,4,269
1.0,oz,cognac,0,270
0.5,oz,dark rum,1,270
2,tsp,granulated sugar,2,270
6,oz,hot milk,3,270
1,tbsp,p. fine white sugar,0,271
2,tbsp,p. water,1,271
2,oz,cognac,2,271
1,oz,santa cruz rum,3,271
,,lemon wedge,0,272
,,kosher salt,1,272
1 1/2,oz,tequila,2,272
3/4,oz,peppermint schnapps,3,272
3/4,oz,grapefruit juice,4,272
1,teaspoon,powdered sugar,5,272
1,oz,sugar syrup,0,273
3,oz,sselected liquor,1,273
2,,or 3 cloves,2,273
1,dash,ground cinnamon,3,273
0.5,oz,"brandy, rum, or both",0,274
1,tsp,honey,1,274
0.5,oz,lemon juice,2,274
1,tsp,sugar,0,275
1,oz,water,1,275
2,oz,whiskey,2,275
3,,whole cloves,0,276
1,,cinnamon stick,1,276
1,tsp,honey,2,276
4,,-5 oz. boiling water,3,276
2,oz,"bourbon, scotch, rye, brandy, or dark rum",4,276
1,,glass spirit,0,277
1,,lump sugar,1,277
1,tsp,sugar,0,278
3,,-4 oz. water,1,278
2,oz,spirits,2,278
2,oz,bacardi 8 rum,0,279
1,oz,pineapple juice,1,279
0.5,oz,lime juice,2,279
0.5,oz,simple syrup,3,279
0.25,oz,rothman & winter orchard apricot,4,279
1.5,oz,aged rum,0,280
0.75,oz,lime juice,1,280
0.75,oz,pineapple syrup,2,280
0.5,oz,apricot brandy,3,280
1,drop,angostura bitters,4,280
1 1/2,oz,dark rum,0,281
1,oz,light rum,1,281
1/2,oz,passion fruit juice,2,281
1 1/2,oz,orange juice,3,281
1,oz,lime juice,4,281
1,oz,pineapple juice,5,281
,dash,of angostura bitters,6,281
,,lime wedge,7,281
,,pineapple wedge,8,281
1 1/2,oz,malibu rum,0,282
1,oz,stolichnaya lemon vodka (or other lemon-flavored vodka),1,282
1,oz,cointreau,2,282
1 1/2,oz,cranberry juice,3,282
1/2,oz,lime juice,4,282
,,lemon twist,5,282
1 1/2,oz,irish whiskey,0,283
1,teaspoon,brown sugar,1,283
4,oz,cold coffee,2,283
1,,to 2 ounces heavy cream,3,283
2,oz,gin,0,284
1,oz,lemon juice,1,284
1,oz,lime juice,2,284
2,,to 3 ounces chilled club soda,3,284
,,lemon peel spiral,4,284
2,oz,rittenhouse bonded rye whiskey,0,285
0.25,oz,luxardo maraschino liqueur,1,285
0.25,oz,simple syrup [1:1],2,285
2,dash,es angostura bitters,3,285
1,dash,absinthe,4,285
2.25,oz,rye whiskey,0,286
0.5,oz,maraschino liqueur,1,286
1,dash,absinthe,2,286
3,dash,es peychauds bitters,3,286
1,oz,fernet branca,0,287
1,oz,green chartreuse,1,287
1,oz,lime juice,2,287
1,oz,simple syrup,3,287
25,ml,gin,0,288
50,ml,aperol,1,288
20,ml,lemon juice [~1/2 lemon],2,288
2,dash,es angostura bitters,3,288
2,oz,aperol,0,289
1,oz,beefeater gin,1,289
0.75,oz,lemon juice,2,289
1,dash,angostura bitters,3,289
1,oz,irish whiskey,0,290
2,tsp,brown sugar,1,290
4,oz,strong black coffee,2,290
1 1/2,oz,irish whiskey,0,291
1/2,oz,light rum,1,291
1/2,oz,sloe gin,2,291
1,oz,lemon juice,3,291
1,teaspoon,sugar,4,291
,,peach slice,5,291
,,orange slice,6,291
2,,to 3 raspberries,7,291
,,maraschino cherry,8,291
1.5,oz,applejack,0,292
2,dash,es grenadine,1,292
,,juice of 1/2 lime or lemon,2,292
2.0,oz,lairds bonded apple brandy [if applejack 2.5 oz.],0,293
0.75,oz,lemon juice,1,293
0.75,oz,grenadine,2,293
1 1/2,oz,light rum,0,294
1/2,teaspoon,cointreau,1,294
1/2,teaspoon,green crème de menthe,2,294
3/4,oz,lime juice,3,294
1,teaspoon,sugar,4,294
,,thinly cut lime slice,5,294
1.5,oz,applejack [1.25 oz. bonded apple brandy],0,295
0.75,oz,grenadine,1,295
0.5,oz,lemon juice,2,295
0.5,oz,pineapple juice,3,295
1,dash,angostura bitters,4,295
1 1/2,oz,gin,0,296
1/2,oz,dry red wine,1,296
1/2,oz,dark rum,2,296
1/2,oz,orange juice,3,296
2,oz,dark jamaican rum,0,297
1/2,oz,tia maria,1,297
2,oz,hine vsop cognac,0,298
0.5,oz,kassatly chtaura orgeat,1,298
2,dash,es angostura bitters,2,298
2.5,oz,cognac,0,299
0.5,oz,orgeat,1,299
3,dash,es angostura,2,299
2,oz,blended whiskey,0,300
1/2,oz,ruby port,1,300
2,tsp,lemon juice,2,300
1,teaspoon,sugar,3,300
3,,to 5 ounces chilled club soda,4,300
,,pineapple wedge,5,300
,,orange slice,6,300
1 1/2,oz,gin,0,301
2,tsp,sweet vermouth,1,301
1/4,oz,black sambuca (such as opal nera),2,301
1 1/2,oz,gin,0,302
1/2,oz,green chartreuse,1,302
1/2,oz,yellow chartreuse,2,302
2,oz,gin,0,303
1/4,oz,crème de noyaux,1,303
1/4,oz,white crème de cacao,2,303
1/4,oz,lemon juice,3,303
,dash,of orange bitters,4,303
4.5,cl,gin,0,304
3,cl,lemon juice,1,304
1.5,cl,sugar syrup,2,304
6,cl,soda water,3,304
0.75,oz,campari,0,305
0.5,oz,lime juice,1,305
0.5,oz,sugar syrup,2,305
4,oz,unsweetened pineapple juice,3,305
1.5,oz,dark jamaican rum,4,305
1.5,oz,cruzan black strap rum,0,306
1.5,oz,pineapple juice,1,306
0.75,oz,campari,2,306
0.5,oz,lime juice,3,306
0.5,oz,simple syrup,4,306
1,oz,gin,0,307
1/2,oz,orange juice,1,307
1/2,oz,cranberry juice,2,307
,dash,of grenadine,3,307
3,,to 4 ounces chilled champagne,4,307
1 1/2,oz,gin,0,308
1/2,oz,dry vermouth,1,308
1/4,oz,parfait amour,2,308
1/4,oz,orange juice,3,308
3,cl,vodka,0,309
3,cl,triple sec,1,309
3,cl,lime juice,2,309
2 1/2,oz,bourbon,0,310
1/2,oz,bénédictine,1,310
,,lemon twist,2,310
1 1/2,oz,bourbon,0,311
1/4,oz,southern comfort,1,311
1/4,oz,white crème de menthe,2,311
,,lime wedge,0,312
,,sugar,1,312
1 1/2,oz,gin,2,312
1,oz,tuaca,3,312
1,oz,key lime or other lime juice,4,312
1,teaspoon,superfine sugar,5,312
,,thinly sliced lime wheel,6,312
,,* 1 oz. smith & cross rum,0,313
,,* 1 oz. campari,1,313
,,* 1 oz. carpano antica sweet vermouth,2,313
9,cl,dry white wine,0,314
1,cl,crme de cassis,1,314
1 1/2,oz,gin,0,315
1/2,oz,dry vermouth,1,315
1/2,oz,melon liqueur,2,315
,dash,of lemon juice,3,315
2,oz,gin,0,316
,dash,of cherry brandy,1,316
,dash,of grenadine,2,316
,dash,of lemon juice,3,316
2,,mint sprigs,4,316
1,oz,gold tequila,0,317
1/2,oz,cointreau,1,317
1/2,oz,pineapple juice,2,317
1/2,oz,orange juice,3,317
2,dash,es grenadine,4,317
2,oz,silver tequila,0,318
1/4,oz,pineapple juice,1,318
3,dash,es angostura bitters,2,318
3,,to 4 ounces chilled club soda,3,318
,,lemon slice,4,318
1 1/2,oz,light rum,0,319
3/4,oz,sweet vermouth,1,319
1/4,oz,crème de cacao,2,319
1,oz,lime juice,3,319
,dash,of grenadine,4,319
2,oz,light rum,0,320
1/4,oz,maraschino liqueur,1,320
1 1/2,oz,lime juice,2,320
1,teaspoon,sugar,3,320
1,oz,gin,0,321
1,oz,campari,1,321
,oz,lime juice,2,321
,dash,of simple syrup,3,321
,,lime twist,4,321
1,oz,dry gin,0,322
1/2,oz,green chatreuse,1,322
1/2,oz,luxardo maraschino,2,322
1/2,oz,lime juice,3,322
2,oz,zacapa 23-year rum,0,323
1,,sp. cane sugar syrup [rich],1,323
3,dash,es house peychauds bitters [2:1 peychauds and bitter truth creole bitters],2,323
1,dash,angostura bitters,3,323
1,dash,bittermens xocolatl mole bitters,4,323
1,dash,absinthe,5,323
1,,lemon twist,6,323
,,rinse glass with absinthe,7,323
,,gin and sin 2 ounces gin,0,324
,oz,orange juice,1,324
,oz,lemon juice,2,324
2,dash,es grenadine,3,324
2.5,cl,vodka citron,0,325
2,cl,triple sec,1,325
1.5,cl,lemon juice,2,325
1 1/2,oz,lemon-flavored vodka,0,326
1,oz,grand marnier (or cointreau),1,326
1 1/2,oz,lemon juice,2,326
1/2,oz,orange juice,3,326
,,lemon peel spiral,4,326
2.5,oz,elijah craig 12,0,327
0.5,oz,allspice dram,1,327
0.75,oz,lime juice,2,327
0.5,oz,simple syrup 1:1,3,327
2,dash,es angostura bitters,4,327
1/2,oz,dark rum,0,328
1/2,oz,root beer schnapps,1,328
1/2,oz,jägermeister,2,328
1/2,oz,rumple minze,3,328
,,liquid cocaine here are two of the many versions of this drink. they can also be served as a shooter (page 423).,0,329
1/2,oz,dark rum,1,329
1/2,oz,rumple minze,2,329
1/2,oz,jägermeister,3,329
2,oz,pierre ferrand ambre cognac,0,330
0.25,oz,mathilde poire pear liqueur,1,330
0.25,oz,benedictine,2,330
0.75,oz,lemon juice,3,330
0.25,oz,simple cane sugar syrup,4,330
1,dash,peychauds bitters,5,330
2,oz,reposado tequila,0,331
1 1/2,oz,orange juice,1,331
1/2,oz,maraschino liqueur,2,331
1/4,oz,frangelico,3,331
,,orange slice,4,331
3/4,oz,green chartreuse,0,332
3/4,oz,cointreau,1,332
3/4,oz,kirsch,2,332
1/4,teaspoon,maraschino liqueur,3,332
1 1/2,oz,amaretto,0,333
1 1/2,oz,white crème de menthe,1,333
2,dash,es angostura bitters,2,333
,,thin lemon slice,3,333
3/4,oz,white rum,0,334
3/4,oz,gin,1,334
3/4,oz,vodka,2,334
3/4,oz,tequila,3,334
3/4,oz,cointreau or triple sec,4,334
1,oz,lime juice,5,334
3/4,oz,orange juice,6,334
2,,to 3 ounces chilled cola,7,334
,,lemon wedge,8,334
1.5,cl,tequila,0,335
1.5,cl,vodka,1,335
1.5,cl,white rum,2,335
1.5,cl,triple sec,3,335
1.5,cl,gin,4,335
2.5,cl,"lemon juice, fresh",5,335
3.0,cl,gomme syrup,6,335
1,dash,of cola,7,335
1,oz,bourbon,0,336
1,oz,light rum,1,336
1/2,oz,white crème de cacao,2,336
1/4,oz,crème de menthe,3,336
1 1/2,oz,lemon-flavored vodka,0,337
3/4,oz,chambord,1,337
3/4,oz,cranberry juice,2,337
1,oz,gin,0,338
0.5,oz,campari,1,338
0.5,oz,dry vermouth,2,338
0.5,oz,cointreau,3,338
1 1/2,oz,vanilla-infused tequila (see page 71),0,339
3/4,oz,citrónge (or other orange liqueur) 2 ounces tangerine juice,1,339
1,oz,sweet-and-sour,2,339
3,,or 4 mint leaves,3,339
,,tangerine wheel,4,339
,,mint sprig,5,339
2,oz,17-year j. wray nephew jamaican rum,0,340
1,oz,lime juice,1,340
0.5,oz,french garnier orgeat,2,340
0.5,oz,holland dekuyper orange curaao,3,340
0.25,oz,rock candy syrup,4,340
,,shake on ice and strain,5,340
,,garnish with mint sprig,6,340
2/3,,gin,0,341
1/3,,curacao,1,341
1,tsp,lime juice,2,341
1,dash,angostura bitters,3,341
1,dash,orange bitters,4,341
4,cl,white rum,0,342
2,cl,dark rum,1,342
1.5,cl,orange curaao,2,342
1.5,cl,orgeat syrup,3,342
1,cl,"lime juice""",4,342
2,oz,premium aged rum,0,343
0.75,oz,lime juice,1,343
0.5,oz,orange curaao,2,343
0.25,oz,rock candy syrup [2:1 rock candy:water],3,343
0.25,oz,orgeat almond syrup,4,343
1 1/2,oz,myers’s dark or other dark jamaican rum,0,344
1,oz,martinique rhum vieux or other aged rum,1,344
1/2,oz,orange curaçao,2,344
1/4,oz,simple syrup,3,344
1/2,oz,orgeat or almond-flavored syrup,4,344
1 1/4,oz,lime juice,5,344
1/2,oz,orange juice,6,344
1,,orange blossom (or tiny purple orchid),7,344
1,,orange peel spiral,8,344
2,oz,flor de cana gold rum,0,345
0.75,oz,lime juice,1,345
0.75,oz,turbinado syrup,2,345
0.25,oz,cointreau,3,345
0.25,oz,orgeat,4,345
0.5,oz,ron zacapa 23 (to float),5,345
,,shake on ice and strain,6,345
,,float 0.5 oz. aged rum,7,345
,,garnish with lime wedge and mint sprig,8,345
2,oz,blended scotch,0,346
1/2,oz,lime juice,1,346
3,,to 5 ounces chilled ginger ale,2,346
,,lemon slice,3,346
2,oz,white rum,0,347
1,oz,mandarine napoléon liqueur,1,347
1,oz,monin passion fruit syrup (or other passion fruit syrup),2,347
4,oz,pineapple juice,3,347
,,pineapple wedge,4,347
,,tangerine slice,5,347
1/4,oz,mandarine napoléon,0,348
,dash,of cointreau,1,348
1 1/2,oz,gin,2,348
1/2,oz,vodka,3,348
,,mandarin or orange peel spiral,4,348
2,dash,es curacao or maraschino,0,349
1,oz,rye whiskey,1,349
2,oz,[mixed] vermouth,2,349
3,dash,es angostura bitters,3,349
2,,lumps of ice,4,349
,,shake on ice and strain into claret glass,5,349
,,garnish with quarter of a slice of lemon,6,349
2.5,oz,rittenhouse rye bib,0,350
1.0,oz,dolin rouge,1,350
2,dash,es angostura bitters,2,350
,,garnish with montmorency cherries,3,350
1,dash,angostura bitters,0,351
2/3,,canadian club whiskey,1,351
1/3,,ballor italian vermouth,2,351
,,shak on ice and strain,3,351
,,garnish with cherry,4,351
5,cl,rye whiskey,0,352
2,cl,red vermouth,1,352
1,dash,angostura bitters,2,352
,,since 1926),0,353
,,float 1/2 ounce rum on top of a mint julep,1,353
,,and garnish with pineapple.,2,353
1.5,oz,haymans old tom gin,0,354
1.5,oz,dolin sweet vermouth,1,354
0.25,oz,luxardo maraschino liqueur,2,354
2,dash,es bokers bitters,3,354
2,oz,sweet vermouth,0,355
1,oz,old tom gin,1,355
1,tsp,maraschino liqueur,2,355
1,dash,bokers bitters,3,355
2,oz,gin,0,356
1,oz,sweet vermouth,1,356
1/4,oz,maraschino liqueur,2,356
2,oz,gin,0,357
1,oz,sweet vermouth,1,357
2,dash,es angostura,2,357
2,oz,old tom gin,0,358
1/2,oz,sweet vermouth,1,358
1/4,oz,maraschino liqueur,2,358
,dash,of orange bitters,3,358
6,oz,gin,0,359
6,oz,french vermouth,1,359
1,tbsp,p. curacao or maraschino,2,359
1.25,tsp,orange bitters,3,359
2.5,oz,vodka,0,360
4,dash,es dry vermouth,1,360
6,cl,white rum,0,361
1,cl,maraschino,1,361
6,cl,pineapple juice,2,361
1,cl,"grenadine syrup""",3,361
2,oz,light rum,0,362
1,oz,pineapple juice,1,362
0.25,oz,maraschino liqueur,2,362
1,dash,grenadine,3,362
2,oz,white rum,0,363
1,oz,pineapple,1,363
0.25,oz,grenadine,2,363
0.25,oz,maraschino,3,363
1 1/2,oz,gold tequila,0,364
3,oz,pineapple juice,1,364
1/2,oz,lime juice,2,364
1 1/2,oz,sloe gin,0,365
3/4,oz,triple sec,1,365
2,dash,es orange bitters,2,365
1 1/2,oz,melon liqueur,0,366
1,oz,brandy,1,366
1,oz,heavy cream,2,366
1,oz,vodka,0,367
1,oz,midori or other melon liqueur,1,367
4,oz,orange juice,2,367
,,orange slice,3,367
,,watermelon wedge,4,367
2,oz,plymouth gin,0,368
1,oz,watermelon juice,1,368
0.75,oz,lemon juice,2,368
0.5,oz,aperol,3,368
0.5,oz,simple syrup,4,368
1 1/2,oz,cherry brandy,0,369
1 1/2,oz,maraschino liqueur,1,369
,,maraschino cherry,2,369
,,a variation on the cosmo. many enjoy the burnt-orange flavor of a flamed orange peel for garnish.,0,370
2,oz,black currant vodka,1,370
3/4,oz,cointreau,2,370
3/4,oz,cranberry juice,3,370
3/4,oz,lime juice,4,370
1,oz,gold tequila,0,371
3,oz,cranberry juice,1,371
1/2,oz,orange juice,2,371
1/4,oz,lime juice,3,371
,,orange slice,4,371
2,oz,gold tequila,0,372
1,oz,lime juice,1,372
1,teaspoon,simple syrup,2,372
3,,to 4 ounces chilled ginger ale,3,372
2,oz,tequila,0,373
1/2,oz,lime juice,1,373
2,,to 3 ounces chilled cola,2,373
,,lime wedge,3,373
2,oz,mezcal,0,374
1,oz,lime juice,1,374
1,teaspoon,simple syrup,2,374
3,,to 4 ounces chilled ginger beer,3,374
1 1/2,oz,gin,0,375
1 1/2,oz,galliano,1,375
1,oz,lemon juice,2,375
7.5,cl,champagne,0,376
7.5,cl,"orange juice, fresh",1,376
1 1/2,oz,kahlúa,0,377
1 1/2,oz,vodka,1,377
2,,to 3 ounces chilled club soda,2,377
3/4,oz,bourbon,0,378
3/4,oz,peppermint schnapps,1,378
3/4,oz,vodka,2,378
1/2,oz,kahlúa,3,378
12,,mint sprigs,0,379
1/4,,-1/2 oz. simple syrup,1,379
2,oz,bourbon,2,379
4,,sprigs mint,0,380
1/2,tbsp,p. ppowdered sugar,1,380
1,,"glass bourbon, rye, or canadian whisky",2,380
4,oz,kentucky bourbon,0,381
1,teaspoon,simple syrup,1,381
4,,to 6 mint sprigs,2,381
6,cl,bourbon whiskey,0,382
4,,mint sprigs,1,382
1,teaspoon,powdered sugar,2,382
2,tsp,water,3,382
10,,sprigs mint,0,383
1,tsp,sugar,1,383
1,oz,spring water,2,383
3,oz,bourbon,3,383
2,oz,makers mark,0,384
1,,brown sugar cube,1,384
1,,white sugar cube,2,384
3,dash,es angostura bitters,3,384
1,dash,peychauds bitters,4,384
1,,splash soda,5,384
10,,sprigs mint,0,385
1,tsp,sugar,1,385
1,oz,spring water,2,385
3,oz,bourbon,3,385
2,oz,makers mark,0,386
1,,brown sugar cube,1,386
1,,white sugar cube,2,386
3,dash,es angostura bitters,3,386
1,dash,peychauds bitters,4,386
1,,splash soda,5,386
5,cl,cognac,0,387
2,cl,crme de menthe (white),1,387
1 1/2,oz,bourbon,0,388
1 1/2,oz,southern comfort,1,388
3/4,oz,kahlúa (or other coffee-flavored liqueur),0,389
3/4,oz,white crème de menthe,1,389
3/4,oz,white crème de cacao,2,389
4,cl,white cuban rum,0,390
3,cl,lime juice,1,390
6,,mint sprigs,2,390
2,tsp,white sugar,3,390
,,soda water,4,390
5,cl,gin,0,391
3,cl,orange juice,1,391
2,drops,absinth,2,391
2,drops,grenadine,3,391
1 1/2,oz,gin,0,392
1,oz,orange juice,1,392
1,teaspoon,bénédictine,2,392
2,,to 4 dashes grenadine,3,392
57,ml,rye whiskey [~2 oz],0,393
12.5,ml,bndictine [scant 0.5 oz],1,393
3,dash,es angostura bitters,2,393
2,oz,cognac,0,394
0.5,oz,bndictine,1,394
0.25,oz,fernet branca,2,394
1 1/2,oz,gin,0,395
3,oz,clam juice,1,395
,dash,of red pepper sauce,2,395
4.5,cl,vodka,0,396
12,cl,ginger beer,1,396
0.5,cl,"lime juice, fresh",2,396
1,,slice lime in a highball glass,3,396
1 1/2,oz,sloe gin,0,397
3/4,oz,sweet vermouth,1,397
2,dash,es angostura bitters,2,397
12,,to 14 mint leaves,0,398
1,teaspoon,simple syrup,1,398
4,oz,kentucky bourbon,2,398
2,,to 3 mint sprigs,3,398
,,* 1 strawberry,0,399
,,* 1.5 oz. anchor junipero gin,1,399
,,* 1 oz. st. germain,2,399
,,* 0.75 oz. lemon juice,3,399
,,* 0.25 oz. yellow chartreuse,4,399
1,oz,vodka,0,400
1,oz,kahlúa,1,400
1,oz,baileys irish cream,2,400
1,oz,heavy cream,3,400
,,unsweetened cocoa powder (or chocolate shavings),4,400
1/2,oz,amaretto,0,401
1/2,oz,kahlúa,1,401
1/2,oz,irish cream liqueur,2,401
1,oz,heavy cream,3,401
1,oz,gold tequila,4,401
2,oz,silver rum,0,402
1,oz,mandarine napoléon liqueur,1,402
1,oz,mandarin (or tangerine) juice,2,402
1/2,oz,lime juice,3,402
1,teaspoon,superfine sugar,4,402
1,,thinly sliced lime wheel,5,402
1 1/2,oz,gold rum,0,403
3/4,oz,apricot brandy,1,403
3/4,oz,pineapple juice,2,403
1/4,oz,lime juice,3,403
1,oz,light puerto rican rum,0,404
1,oz,gold jamaican rum,1,404
1,oz,demerara rum,2,404
0.75,oz,pimento dram,3,404
0.75,oz,lime juice,4,404
0.5,oz,grapefruit juice,5,404
0.5,oz,rock candy syrup,6,404
1,oz,goslings black seal rum,0,405
1,oz,appleton reserve rum,1,405
1,oz,el dorado 15-year-old rum,2,405
0.75,oz,lime juice,3,405
0.75,oz,grapefruit juice,4,405
0.5,oz,honey syrup,5,405
1,oz,light puerto rican rum,0,406
1,oz,dark jamaican rum,1,406
1,oz,demerara rum,2,406
1,oz,honey mix,3,406
0.75,oz,lime juice,4,406
0.75,oz,white grapefruit juice,5,406
0.75,oz,soda water,6,406
1.5,oz,dussers [pussers?] navy rum,0,407
1,oz,orange curaao,1,407
0.75,oz,lime juice,2,407
2,oz,water,3,407
2,oz,orange juice,4,407
1,dash,angostura bitters,5,407
1,oz,dark demerara rum,0,408
1,oz,gold or jamaican rum,1,408
1,oz,light rum,2,408
1/2,oz,lime juice,3,408
1/2,oz,orange juice,4,408
1/2,oz,passion fruit juice,5,408
1/2,oz,pineapple juice,6,408
1/2,oz,almond or orgeat syrup,7,408
,,mint sprig,8,408
,,lime slice,9,408
2,oz,reposado tequila,0,409
1,oz,mandarine napoléon liqueur,1,409
1 1/2,oz,lime juice,2,409
1/2,oz,orange juice,3,409
1,tablespoon,superfine sugar,4,409
,,nectarine slice,5,409
1 1/2,oz,bourbon,0,410
1/2,oz,apricot brandy,1,410
1,oz,grapefruit juice,2,410
1/2,oz,lemon juice,3,410
,dash,of angostura bitters,4,410
1,,sugar cube,0,411
,dash,of peychaud’s or angostura bitters,1,411
2,oz,bourbon,2,411
1/4,oz,herbsaint (or pernod or ricard),3,411
1/2,oz,lemon juice,4,411
,,lemon twist,5,411
1 1/2,oz,bourbon (or rye),0,412
3/4,oz,lime juice,1,412
1,teaspoon,sugar,2,412
,dash,of grenadine,3,412
,,orange twist,4,412
,,lemon twist,5,412
1 1/2,oz,gin,0,413
1/2,oz,brandy,1,413
1/2,oz,peach liqueur,2,413
,dash,of lime juice,3,413
3,,to 5 ounces chilled ginger ale,4,413
1 1/2,oz,baileys irish cream,0,414
1 1/2,oz,frangelico,1,414
2 1/2,oz,vodka,0,415
1/2,oz,frangelico,1,415
,,orange twist,2,415
1,oz,butterscotch schnapps,0,416
1,oz,jägermeister,1,416
1,oz,baileys irish cream,2,416
1/4,oz,pastis,3,416
1/2,oz,heavy cream,4,416
,,freshly grated or ground nutmeg,5,416
2,oz,aejo tequila,0,417
.75,oz,agave nectar,1,417
1,oz,heavy whipping cream,2,417
2,oz,milk,3,417
,,oaxacan chocolate powder,4,417
,,whipped cream.,5,417
,,* 1.5 oz. scarlet ibis rum,0,418
,,* 0.5 oz. cruzan black strap rum,1,418
,,* 1 oz. dolin rouge vermouth,2,418
,,* 1 tsp lazzaroni amaretto,3,418
,,* 1 dash fee brothers whiskey barrel-aged bitters,4,418
2,oz,old overholt rye whiskey,0,419
0.75,oz,dolin dry vermouth,1,419
0.75,oz,campari,2,419
1.5,oz,rye,0,420
0.75,oz,dry vermouth,1,420
0.75,oz,campari,2,420
1.5,oz,rittenhouse 100 rye,0,421
0.75,oz,campari,1,421
0.75,oz,dolin dry vermouth,2,421
,,garnish: 1 lemon twist,3,421
1 1/2,oz,gold rum,0,422
1/2,oz,cranberry juice,1,422
1,oz,lime juice,2,422
,,lime wedge,3,422
1,,-2 tsp. simple syrup,0,423
1,,-3 dashes of angostura.,1,423
2,,-4 oz. whisky,2,423
3,,-4 dashes gum syrup,0,424
2,dash,es bitters [bogarts],1,424
1,,wine-glass whiskey [2 oz],2,424
1,,piece lemon peel,3,424
2,oz,wild turkey rye whiskey,0,425
1,,demerara sugar cube,1,425
2,dash,es angostura bitters,2,425
1.5,oz,wild turkey rye,0,426
1,oz,lillet blanc,1,426
0.5,oz,lairds bonded apple brandy,2,426
0.25,oz,green chartreuse,3,426
3,dash,es abbotts or angostura bitters,4,426
1,,sugar cube,0,427
3,dash,es angostura bitters,1,427
3,oz,bourbon or straight rye whiskey,2,427
1,tsp,sugar,0,428
2,dash,es angostura bitters,1,428
2,,orange slices,2,428
2,,maraschino cherries,3,428
,,water or soda water,4,428
2,oz,bourbon,5,428
1,,lump sugar,0,429
2,dash,es angostura bitters,1,429
1,,glass rye or canadian club whisky [2 oz],2,429
1.5,,parts prohibition whiskey,0,430
0.25,,parts rich simple syrup,1,430
,,orange wedge,0,431
,,superfine sugar,1,431
3,oz,orange-flavored vodka,2,431
1/4,oz,lillet blanc drop of orange flower water,3,431
,,orange peel spiral,4,431
,,lemon wedge,0,432
,,sugar,1,432
2,oz,gin,2,432
1,oz,crème de noyaux,3,432
1/2,oz,tuaca,4,432
1/2,oz,parfait amour,5,432
1,oz,lemon juice,6,432
1 1/2,oz,gin,0,433
1,oz,alizé de france passion fruit liqueur,1,433
1/4,oz,limoncello,2,433
,,lemon twist,3,433
1 1/2,oz,citron vodka,0,434
1 1/2,oz,cointreau,1,434
1,oz,lime juice,2,434
1,,to 2 dashes cranberry juice,3,434
,,lemon twist,4,434
1 1/2,oz,gin,0,435
1/2,oz,dry vermouth,1,435
1/2,oz,sweet vermouth,2,435
1,teaspoon,white crème de menthe,3,435
,dash,of angostura bitters,4,435
1,oz,london dry gin,0,436
1,oz,grapefruit juice,1,436
0.5,oz,st. germain elderflower liqueur,2,436
0.5,oz,lemon juice,3,436
1,oz,mezcal,0,437
1,oz,bourbon,1,437
,dash,of angostura bitters,2,437
,dash,of simple syrup,3,437
3,oz,blanco rum,0,438
1/2,oz,maraschino liqueur,1,438
1 1/2,oz,grapefruit juice,2,438
3/4,oz,lime juice,3,438
,,lime wedge,4,438
1 1/2,oz,citron vodka,0,439
4,oz,passion fruit nectar,1,439
1,oz,lime juice,2,439
1 1/2,cups,"seeded, peeled, cubed papaya",3,439
8,,mint leaves,4,439
,,lime wheel,5,439
,,papaya slice,6,439
,,mint sprig,7,439
,,makes 4 servings,0,440
2,cups,cubed ripe papaya,1,440
6,oz,sweet-and-sour,2,440
6,oz,silver tequila,3,440
2,oz,damiana liqueur,4,440
4,,lime wedges,5,440
20,ml,bourbon,0,441
20,ml,amaro nonino quintessentia,1,441
20,ml,aperol,2,441
20,ml,lemon juice,3,441
3.5,cl,gin,0,442
2,cl,apricot brandy,1,442
1.5,cl,orange juice,2,442
1,oz,gin,0,443
1,oz,crème de cassis,1,443
1,oz,noilly prat dry vermouth,2,443
1/4,oz,alizé de france passion fruit liqueur,0,444
2,oz,bombay sapphire gin,1,444
,,lemon peel spiral,2,444
2,oz,ginger-infused vodka (see page 70),0,445
1/2,oz,chilled premium sake,1,445
,,orange twist or thin slice of candied ginger,2,445
1 1/2,oz,vodka,0,446
3/4,oz,melon liqueur,1,446
1,oz,pineapple juice,2,446
,,lime wedge,0,447
,,superfine sugar,1,447
1 1/2,oz,cachaça or light rum,2,447
2,oz,grapefruit juice,3,447
1,oz,keke beach lime liqueur,4,447
1/2,oz,lemon juice,5,447
1,tablespoon,pomegranate syrup (real grenadine),6,447
,,lime twist,7,447
2,oz,light rum,0,448
1,oz,lime juice,1,448
1,tablespoon,sugar,2,448
3,,to 4 ounces chilled club soda,3,448
,,lime slice,4,448
,,maraschino cherry,5,448
2,oz,gin,0,449
3/4,oz,orange curaao,1,449
1/2,oz,lime juice,2,449
1,dash,angostura bitters,3,449
1,dash,regan's orange bitters,4,449
2/3,,gin,0,450
1/3,,curacao,1,450
1,tsp,lime juice,2,450
1,dash,angostura bitters,3,450
1,dash,orange bitters,4,450
1.5,oz,gin,0,451
.5,oz,cointreau,1,451
.75,oz,lime juice,2,451
2,dash,es angostura bitters,3,451
2,oz,blended scotch shiskey,0,452
0.75,oz,lemon juice,1,452
0.375,oz,honey syrup [3:1 honey:hot water],2,452
0.375,oz,sweetened ginger juice [4:3 ginger juice:granulated cane sugar],3,452
1 1/2,oz,white crème de cacao,0,453
1,oz,peppermint schnapps,1,453
1,oz,heavy cream,2,453
1/2,oz,water,0,454
1/2,teaspoon,sugar,1,454
2,dash,es angostura bitters,2,454
2,oz,pernod,3,454
3,oz,pimm’s no. 1,0,455
3,,to 4 ounces chilled club soda,1,455
,,cucumber spear,2,455
,,lemon slice,3,455
2,oz,pimms no. 1 cup,0,456
0.75,oz,lemon juice,1,456
0.5,oz,simple syrup,2,456
3,,cucumber slices,3,456
,,muddle cucumber and simple syrup,4,456
,,add pimms and lemon juice,5,456
2,oz,pimms no. 1 cup,0,457
6,oz,english-style lemonade,1,457
,,english-style lemonade,2,457
1,oz,strained lemon juice,3,457
0.5,,-1 oz. simple syrup,4,457
4,oz,club soda,5,457
3,cl,white rum,0,458
9,cl,pineapple juice,1,458
3,cl,coconut milk,2,458
2,oz,"plantation ""stiggin's fancy"" pineapple rum",0,459
1,oz,lime juice,1,459
0.75,oz,cane sugar syrup,2,459
1.5,oz,"plantation ""stiggin's fancy"" pineapple rum",0,460
0.75,oz,100 proof rhum agricole (preferably neisson),1,460
0.75,oz,lime juice,2,460
0.5,oz,simple syrup,3,460
1 1/2,oz,light rum,0,461
2,oz,grapefruit juice,1,461
1,oz,lime juice,2,461
1,teaspoon,sugar,3,461
,dash,of grenadine,4,461
1,oz,blended whiskey,0,462
1/2,oz,crème de noyaux,1,462
1/2,oz,amaretto,2,462
1/2,oz,kirsch,3,462
1/2,oz,lemon juice,4,462
,,lemon slice,5,462
1,oz,vodka,0,463
1,oz,peach schnapps,1,463
2,oz,cranberry juice,2,463
2,oz,orange juice,3,463
,,lime wedge,4,463
1 1/2,oz,vodka,0,464
1/2,oz,triple sec,1,464
1,oz,cranberry juice,2,464
1/2,oz,lemon juice,3,464
1/2,oz,lime juice,4,464
4,,to 5 ounces chilled 7-up,5,464
,,lemon wedge,6,464
2,oz,good-quality gin,0,465
1/2,oz,guava nectar,1,465
1/2,oz,orange juice,2,465
,,orange twist,3,465
1 1/2,oz,gin,0,466
3/4,oz,mandarine napoléon (or other orange liqueur),1,466
1 1/2,oz,pink (or regular) grapefruit juice,2,466
,,lemon twist,3,466
1,oz,white crème de cacao,0,467
1,oz,crème de noyaux (or amaretto),1,467
1,oz,heavy cream,2,467
4.5,cl,pisco,0,468
3,cl,lemon juice,1,468
2,cl,sugar syrup,2,468
1,,raw egg white (small egg),3,468
,,"although many frozen and blended versions exist, the piña colada is traditionally shaken.",0,469
2,oz,puerto rican light rum,1,469
6,oz,pineapple juice,2,469
2,oz,coconut cream,3,469
,,pineapple spear,4,469
,,maraschino cherry,5,469
2,oz,silver rum,0,470
1,oz,aliz de france passion fruit liqueur,1,470
,cup,diced pineapple,2,470
1,oz,coconut cream,3,470
1,oz,mango juice or nectar,4,470
,oz,lime juice,5,470
1,,pineapple slice,6,470
1,,mango slice,7,470
,,shaved coconut,8,470
2,oz,dark rum,0,471
,dash,of cointreau,1,471
1 1/2,oz,orange juice,2,471
1 1/2,oz,pineapple juice,3,471
1/2,oz,lime juice,4,471
1/2,oz,simple syrup,5,471
,dash,of grenadine,6,471
,,orange slice,7,471
,,maraschino cherry,8,471
,,,9,471
4.5,cl,dark rum,10,471
3.5,cl,orange juice,11,471
3.5,cl,pineapple juice,12,471
2,cl,lemon juice,13,471
1,cl,grenadine,14,471
1,cl,sugar syrup,15,471
3,,to 4 dashes angostura bitters,16,471
4.5,cl,dark rum,0,472
3.5,cl,orange juice,1,472
3.5,cl,pineapple juice,2,472
2,cl,lemon juice,3,472
1,cl,grenadine,4,472
1,cl,sugar syrup,5,472
3,,to 4 dashes angostura bitters,6,472
1 1/2,oz,blended whiskey,0,473
1/2,oz,pear brandy,1,473
2 1/2,oz,grapefruit juice,2,473
3,,to 4 ounces chilled club soda,3,473
1.5,cl,brandy,0,474
4.5,cl,red port,1,474
1,cl,egg yolk,2,474
,,pousse-café #1,0,475
1/4,oz,grenadine,1,475
1/4,oz,yellow chartreuse,2,475
1/4,oz,crème de cassis,3,475
1/4,oz,white crème de menthe,4,475
1/4,oz,green chartreuse,5,475
1/4,oz,brandy,6,475
,,lemon twist,0,476
2,oz,canadian blended whisky,1,476
1/2,oz,bénédictine,2,476
1/2,oz,sweet vermouth,3,476
2,dash,es angostura bitters,4,476
1 1/2,oz,light rum,0,477
1/2,oz,dry vermouth,1,477
1/2,oz,sweet vermouth,2,477
1/4,oz,triple sec,3,477
,,orange twist,4,477
,,lime wedge,0,478
,,sugar and salt,1,478
1 1/2,oz,silver tequila,2,478
1,oz,tuaca,3,478
1,oz,prickly pear juice,4,478
1,oz,lime juice,5,478
,,lime peel spiral,6,478
1 1/2,oz,scotch,0,479
1/2,oz,lillet blanc,1,479
1/4,oz,drambuie,2,479
,,orange slice,3,479
2,oz,vodka,0,480
3,oz,grapefruit juice,1,480
3,oz,chilled purple grape juice,2,480
1 1/2,oz,bénédictine,0,481
3/4,oz,dry vermouth,1,481
3/4,oz,lemon juice,2,481
,,lemon twist,3,481
1,oz,lime juice,0,482
0.5,oz,demerara sugar syrup,1,482
4,,-6 mint leaves,2,482
3,oz,demerara rum,3,482
,,swizzle in double old-fashioned glass partly filled with crushed ice,4,482
,,garnish with mint sprig and spent lime shell,5,482
3,oz,demerara rum,0,483
0.75,oz,"lime juice, plus the spent lime half",1,483
0.5,oz,rich demerara syrup [2:1],2,483
3,dash,es angostura bitters,3,483
1,,bunch spearmint,4,483
,,add bitters,5,483
,,garnish with large bouquet of spearmint,6,483
2,oz,beefeater gin,0,484
0.75,oz,heavy cream,1,484
0.75,oz,simple syrup [1:1],2,484
0.5,oz,lime juice,3,484
0.5,oz,lemon juice,4,484
5,drops,marivani orange rlower water,5,484
1,,egg white,6,484
,,juice of 1/2 lemon,0,485
1/2,tbsp,p. powdered sugar,1,485
1,,egg white,2,485
2,oz,dry gin,3,485
1/2,tsp,fleur dorange,4,485
1,tbsp,p. sweet cream,5,485
1,tbsp,p. powdered sugar,0,486
3,,-4 drops orange flower water,1,486
,,juice of 1/2 lime,2,486
,,juice of 1/2 lemon,3,486
1,,jigger old tom gin,4,486
1,,egg white,5,486
1/2,,glass crushed ice,6,486
2,tbsp,p. rich milk or cream,7,486
1,oz,of seltzer (for pungency),8,486
4.5,cl,gin,0,487
1.5,cl,lime juice,1,487
1.5,cl,lemon juice,2,487
3,cl,sugar syrup,3,487
6,cl,cream,4,487
1,,egg white,5,487
3,dash,es orange flower water,6,487
2,drops,vanilla extract,7,487
,,soda water,8,487
1,tbsp,p. powdered sugar,0,488
3,,-4 drops orange flower water,1,488
,,juice of 1/2 lime,2,488
,,juice of 1/2 lemon,3,488
1,,jigger old tom gin,4,488
1,,egg white,5,488
1/2,,glass crushed ice,6,488
2,tbsp,p. rich milk or cream,7,488
1,oz,of seltzer (for pungency),8,488
,,longdrink,0,489
4.5,cl,gin,1,489
1.5,cl,lime juice,2,489
1.5,cl,lemon juice,3,489
3,cl,sugar syrup,4,489
6,cl,cream,5,489
1,,egg white,6,489
3,dash,es orange flower water,7,489
2,drops,vanilla extract,8,489
,,soda water,9,489
,,juice of 1/2 lemon,0,490
1/2,tbsp,p. powdered sugar,1,490
1,,egg white,2,490
2,oz,dry gin,3,490
1/2,tsp,fleur dorange,4,490
1,tbsp,p. sweet cream,5,490
2,oz,beefeater gin,0,491
0.75,oz,heavy cream,1,491
0.75,oz,simple syrup [1:1],2,491
0.5,oz,lime juice,3,491
0.5,oz,lemon juice,4,491
5,drops,marivani orange rlower water,5,491
1,,egg white,6,491
1/4,cup,raspberries,0,492
6,,mint leaves,1,492
2,oz,vodka,2,492
1,oz,crème de framboise,3,492
2,oz,rye,0,493
3/4,oz,lemon juice,1,493
1/2,oz,simple syrup,2,493
1/2,oz,egg white,3,493
3,drops,absinthe,0,494
1.5,oz,whiskey,1,494
.75,oz,lemon juice,2,494
.5,oz,simple syrup,3,494
1,,egg white,4,494
50,ml,[1.7 oz] rye,0,495
20,ml,[.68 oz] lemon,1,495
20,ml,[.68 oz] simple,2,495
1,,egg white,3,495
2,oz,rittenhouse bonded rye whiskey,0,496
1,oz,lemon juice,1,496
.75,oz,simple syrup,2,496
1,,egg white,3,496
4,,glasses rye whisky [2 oz. rye],0,497
2,,egg whites [1/2 oz. egg white],1,497
1,,glass sweetened lemon juice [1/2 oz. sweetened lemon juice],2,497
,,a few dashes absinthe,3,497
2,oz,rye whiskey,0,498
1,oz,lemon juice,1,498
1/2,oz,grade b maple syrup,2,498
2,dash,es peychaud's bitters,3,498
1/2,oz,egg whites,4,498
,,garnish with lemon twist,5,498
2,oz,rye whiskey,0,499
0.75,oz,sweet vermouth,1,499
0.5,oz,cherry heering,2,499
1,,barspoon absinthe,3,499
1 1/2,oz,gin,0,500
1/2,oz,kirsch,1,500
1/2,oz,campari,2,500
,,lemon twist,3,500
2,oz,bulleit bourbon,0,501
0.5,oz,tia maria coffee liqueur,1,501
2,dash,es orange bitters,2,501
2,,parts scotch,0,502
1,,part vermouth,1,502
1,dash,angostura,2,502
1.5,oz,scotch whiskey,0,503
1.5,oz,italian vermouth,1,503
2,dash,es bitters,2,503
,,garnish with lemon or orange peel,3,503
2.5,oz,famous grouse blended scotch whisky,0,504
0.75,,dolin sweet vermouth,1,504
2,dash,es angostura orange bitters,2,504
2.5,oz,scotch,0,505
1,oz,sweet vermouth,1,505
2,dash,es angostura bitters,2,505
2,oz,scotch,0,506
1,oz,sweet vermouth,1,506
2,oz,compass box asyla scotch,0,507
0.75,oz,carpano antica formula vermouth,1,507
2,dash,es angostura bitters,2,507
2,cl,kirsch,0,508
4,cl,dry vermouth,1,508
3,dash,es strawberry syrup,2,508
2 1/2,oz,good-quality gin,0,509
,dash,of cointreau,1,509
,dash,of rose water,2,509
2,,or 3 rose petals,3,509
1,oz,tequila,0,510
1/2,oz,campari,1,510
1/2,oz,dry vermouth,2,510
1/2,oz,sweet vermouth,3,510
,,lemon twist,4,510
2,oz,mount gay eclipse,0,511
1,oz,lime juice,1,511
0.5,oz,cointreau,2,511
0.5,oz,falernum,3,511
1,tablespoon,99 bananas liqueur (or crème de banane),0,512
2,oz,vanilla-infused rum (see page 247),1,512
,,half a vanilla bean,2,512
1,,part grenadine,0,513
2,,parts lemon juice,1,513
4,,parts gin,2,513
4,,parts apple brandy,3,513
1/2,,egg white,4,513
1,oz,gin,0,514
0.75,oz,applejack,1,514
0.75,oz,lime juice,2,514
0.75,oz,grenadine,3,514
1 1/2,oz,vodka,0,515
1/2,oz,cranberry juice,1,515
1/2,oz,blue curaçao,2,515
,,lemon twist,3,515
2,oz,gold tequila,0,516
1 1/2,oz,cranberry juice,1,516
1,oz,triple sec or cointreau,2,516
1/2,oz,lime juice,3,516
1 1/2,oz,light rum,0,517
1/2,oz,cointreau,1,517
1/2,oz,lime juice,2,517
1/2,oz,simple syrup,3,517
,,mint sprig,4,517
2,oz,light rum,0,518
3,oz,cranberry juice,1,518
1,oz,pineapple juice,2,518
2 1/2,oz,light rum,0,519
6,oz,chilled ginger ale,1,519
,,lemon twist,2,519
2 1/2,oz,dark rum,0,520
6,oz,chilled ginger ale,1,520
,,lemon twist,2,520
2,oz,el dorado 12 year old rum,0,521
1,oz,sweet vermouth,1,521
1,dash,regans orange bitters,2,521
1,dash,angostura bitters,3,521
2,oz,dark rum,0,522
1/2,oz,cointreau,1,522
1/2,oz,ruby port,2,522
,,freshly grated or ground nutmeg,3,522
2,oz,dark rum,0,523
1/2,oz,lemon juice,1,523
1/2,oz,triple sec,2,523
5,,to 6 ounces chilled ginger ale,3,523
,,lemon wheel,4,523
2,oz,dark rum,0,524
3,,to 4 ounces chilled tonic water,1,524
,,lime wedge,2,524
1,oz,vodka,0,525
1/4,oz,brown crème de cacao,1,525
1 1/2,oz,heavy cream,2,525
1,teaspoon,sugar,3,525
3/4,oz,frangelico,0,526
3/4,oz,irish cream liqueur,1,526
3/4,oz,vodka,2,526
2.5,cl,vodka,0,527
2.5,cl,"lemon juice, fresh",1,527
1.5,cl,crme de cassis,2,527
1,cl,sugar syrup,3,527
4.5,cl,scotch whisky,0,528
2.5,cl,drambuie,1,528
1 1/2,oz,scotch,0,529
1,oz,drambuie,1,529
,,lemon twist,2,529
,,,3,529
4.5,cl,scotch whisky,4,529
2.5,cl,drambuie,5,529
2,oz,vodka,0,530
1/2,oz,dry sake,1,530
1,teaspoon,plum wine,2,530
,,lemon wedge,0,531
,,kosher salt,1,531
2,oz,silver tequila,2,531
5,,to 6 ounces grapefruit juice,3,531
2,oz,sloe gin,0,532
1,oz,dry vermouth,1,532
1,oz,sweet vermouth,2,532
,dash,of peychaud’s bitters,3,532
,,maraschino cherry,4,532
0.5,oz,lemon juice,0,533
0.5,oz,passion fruit syrup,1,533
0.25,oz,falernum,2,533
0.25,oz,orgeat,3,533
1.25,oz,gin,4,533
8,oz,crushed ice,5,533
2,oz,rittenhouse bonded rye whiskey,0,534
3,dash,es peychauds bitters,1,534
2,dash,es angostura bitters,2,534
1,,demerara sugar cube,3,534
1,tsp,sugar syrup,0,535
3,dash,es peychaud bitters,1,535
2,,to 2.5 oz. whisky,2,535
1,oz,vs cognac,0,536
1,oz,rye whiskey,1,536
0.5,oz,simple syrup,2,536
2,dash,es peychauds bitters,3,536
2,dash,es angostura bitters,4,536
3,oz,straight rye whiskey,0,537
0.75,oz,simple syrup,1,537
5,cl,cognac,0,538
1,cl,absinthe,1,538
1,,sugar cube,2,538
2,dash,es peychauds bitters,3,538
1,,lump sugar,0,539
1,dash,angostura or peychauds bitters,1,539
2,oz,glass rye or canadian whisky,2,539
,,"this new orleans classic is as charming as a soft southern drawl. as cocktail legend has it, it was the first drink to be concocted and specifically called a cocktail. around the 1830s, a frenchman named peychaud was behind the counter of his pharmacie in new orleans, serving up this elixir in a cocquetier, or egg cup. when mis- pronounced, according to the tale, cocquetier resulted in the term “cocktail.” he came up with this drink, originally made with cognac and his peychaud’s bitters, as a vehicle for his soothing digestive creation. by the 1850s, the cocktail had become enormously popular, and it had been given the name “sazerac” after an imported french cognac, sazerac de forge et fils, that was used to make it. by 1870, the ingredients had changed, as drinking establishments opted for the cheaper american rye whiskey to replace cognac and absinthe was introduced into the equation. once absinthe became illegal, pernod replaced it.",0,540
,,lemon twist,1,540
,,,2,540
,,• 1 small barspoonful gum syrup,3,540
,,• 3 drops selner bitters,4,540
,,• 1 jigger sazerac brandy,5,540
1/2,tsp,sugar,0,541
2,oz,whiskey,1,541
2,dash,es peychauds bitters,2,541
1,,small barspoonful gum syrup,0,542
3,drops,selner bitters,1,542
1,,jigger sazerac brandy,2,542
2,oz,southern comfort,0,543
2,oz,cranberry juice,1,543
1/2,oz,lime juice,2,543
1/2,oz,lemon juice,3,543
1,teaspoon,sugar,4,543
2,oz,bourbon or straight rye whiskey,0,544
1,oz,dry vermouth,1,544
0.5,oz,lemon jjuice,2,544
0.25,oz,grenadine,3,544
,,orange bitters to taste,4,544
1.5,oz,rye whiskey,0,545
1.0,oz,dry vermouth,1,545
0.75,oz,lemon juice,2,545
0.75,oz,grenadine,3,545
2,oz,light or gold rum,0,546
1/2,oz,brandy,1,546
1/2,oz,dry vermouth,2,546
1 1/2,oz,orange juice,3,546
1 1/2,oz,lemon juice,4,546
1/2,oz,orgeat syrup,5,546
,,pineapple spear,6,546
,,maraschino cherry,7,546
,,"edible flower (such as orange blossom, gardenia, or nasturtium)",8,546
2,oz,scotch,0,547
,,lemon twist,1,547
2,oz,scotch,0,548
1/2,oz,port,1,548
1/2,oz,drambuie,2,548
,,freshly grated or ground nutmeg,3,548
2,oz,scotch,0,549
,,lemon peel,1,549
3/4,oz,kahlúa,0,550
3/4,oz,irish cream liqueur,1,550
3/4,oz,amaretto,2,550
3/4,oz,vodka,3,550
5,cl,vodka,0,551
10,cl,orange juice,1,551
1 1/2,oz,vodka,0,552
3,oz,grapefruit juice,1,552
2,oz,cranberry juice,2,552
,,lime wedge,3,552
4,cl,vodka,0,553
12,cl,cranberry juice,1,553
3,cl,grapefruit juice,2,553
2 1/2,oz,seagram’s 7 crown whiskey,0,554
3,,to 4 ounces chilled 7-up,1,554
,,lemon twist,2,554
1 1/2,oz,gin,0,555
1/2,oz,sherry,1,555
1/2,oz,orange juice,2,555
1/2,oz,lemon juice,3,555
2,tsp,sugar,4,555
4,cl,vodka,0,556
2,cl,peach schnapps,1,556
4,cl,cranberry juice,2,556
4,cl,orange juice,3,556
0.75,oz,genever,0,557
0.75,oz,st. germain,1,557
0.75,oz,aperol,2,557
0.75,oz,lemon juice,3,557
1,oz,tequila,0,558
1,oz,melon liqueur,1,558
4,oz,grapefruit juice,2,558
1 1/2,oz,irish whiskey,0,559
3/4,oz,crème de menthe,1,559
2,oz,heavy cream,2,559
,,maraschino cherry,3,559
2,,pineapple wedges (one with skin and one without),0,560
2,,orange slices,1,560
2,,lemon wedges,2,560
0.5,oz,maraschino liqueur,3,560
3,oz,medium sherry,4,560
0.5,oz,lemon juice,5,560
2,oz,orange juice,6,560
,,"muddle skinless pineapple wedge, 1 orange piece, 1 lemon piece with maraschino liqueur",7,560
,,add sherry and juices,8,560
4,oz,sherry,0,561
1,tbsp,p. sugar,1,561
2,,or 3 orange slices,2,561
4,oz,lustau amontillado sherry,0,562
0.5,oz,cane syrup [or 2 tsp. sugar],1,562
2,,orange slices,2,562
2,oz,gold tequila,0,563
1/2,oz,apricot brandy,1,563
1 1/2,oz,lime juice,2,563
3,oz,grapefruit juice,3,563
1/4,oz,maraschino cherry juice (from a jar of cherries),4,563
,,lime wedge,5,563
5,cl,cognac,0,564
2,cl,triple sec,1,564
2,cl,lemon juice,2,564
2,oz,remy martin vsop cognac,0,565
0.75,oz,cointreau,1,565
0.75,oz,lemon juice,2,565
0.25,,simple syrup,3,565
1 1/2,oz,tequila,0,566
1 1/2,oz,white crème de cacao,1,566
1,oz,heavy cream,2,566
1/4,oz,chambord,3,566
,pinch,of cinnamon,4,566
1 1/2,oz,gin,0,567
3/4,oz,kümmel,1,567
3/4,oz,lemon juice,2,567
,,lemon twist,3,567
3,cl,gin,0,568
1.5,cl,cherry liqueur,1,568
0.75,cl,cointreau,2,568
0.75,cl,dom bndictine,3,568
12.0,cl,pineapple juice,4,568
1.5,cl,lime juice,5,568
1,cl,grenadine,6,568
1,dash,angostura bitters,7,568
2,oz,melon liqueur,0,569
6,oz,cranberry juice,1,569
,,lemon twist,2,569
1 1/2,oz,baileys irish cream,0,570
1 1/2,oz,sambuca,1,570
1,tbsp,p. sugar syrup,0,571
,,juice of 1 lemon,1,571
1.5,,jiggers gin,2,571
1,oz,plymouth sloe gin,0,572
1,oz,plymouth gin,1,572
0.75,oz,lemon juice,2,572
0.25,oz,simple syrup,3,572
,,add 3 oz. club soda,4,572
2.5,oz,sloe gin,0,573
1,oz,lemon juice,1,573
0.5,oz,simple syrup,2,573
,cl,ub soda,3,573
1,tsp,powdered white sugar,0,574
3,dash,es lemon juice,1,574
2,oz,holland gin,2,574
,,ruby fizz,0,575
,,the juice of 1/2 lemon,1,575
1/2,tbsp,p. powdered sugar,2,575
1,,egg white,3,575
2,dash,es raspberry or grenadine syrup,4,575
1,,glass sloe gin [2 oz],5,575
1 1/2,oz,sloe gin,0,576
1 1/2,oz,orange juice,1,576
1,oz,tequila,0,577
1/2,oz,sloe gin,1,577
1/2,oz,lime juice,2,577
,,cucumber peel strip,3,577
2,oz,coffee liqueur,0,578
1 1/2,oz,heavy cream,1,578
2,oz,blended canadian whisky or bourbon,0,579
1/4,oz,dry vermouth,1,579
1/4,oz,dubonnet rouge,2,579
1/2,oz,orange juice,3,579
1/2,,lime,0,580
1,oz,tequila,1,580
3/4,oz,kahlúa (or tia maria),2,580
2,oz,plymouth gin,0,581
0.75,oz,lemon juice,1,581
0.75,oz,simple syrup,2,581
4,,mint leaves,3,581
2,,sprigs mint,0,582
2,,lime pieces,1,582
0.25,oz,lime juice,2,582
1,oz,simple syrup,3,582
2,oz,gin,4,582
2,oz,gin,0,583
1,oz,lime,1,583
0.75,oz,simple syrup,2,583
,,small handful mint,3,583
2,oz,mezcal,0,584
1,oz,grand marnier,1,584
,pinch,of instant coffee,2,584
2,oz,spiced rum (such as captain morgan),0,585
1/2,oz,chocolate liqueur (such as godiva),1,585
,,orange twist,2,585
,,maraschino cherry,3,585
6,cl,prosecco,0,586
4,cl,aperol,1,586
,,splash of soda water,2,586
5,cl,cognac,0,587
2,cl,crme de menthe (white),1,587
2,oz,tequila,0,588
1/2,oz,cointreau,1,588
1/2,oz,strawberry liqueur,2,588
1/2,oz,lime juice,3,588
2,,"to 3 sliced, hulled strawberries",4,588
1,,strawberry,5,588
1,,lime wheel,6,588
1 1/2,oz,lemon-flavored vodka,0,589
1,oz,midori (or other melon-flavored liqueur),1,589
1,oz,grapefruit juice,2,589
2,oz,"rye, bourbon, or blended canadian whisky",0,590
1,oz,sweet vermouth,1,590
2,,to 3 dashes angostura bitters,2,590
,,lemon twist,3,590
,,* 2 fuji apple slices,0,591
,,* 2 oz. old overholt rye whiskey,1,591
,,* 0.5 oz. dolin dry vermouth,2,591
,,* 0.5 oz. amaro nonino,3,591
,,* 1 tsp maple syrup,4,591
1 1/2,oz,gin,0,592
1/2,oz,campari,1,592
1/2,oz,sweet vermouth,2,592
1,oz,pink grapefruit juice,3,592
,,orange twist,4,592
2,oz,silver tequila,0,593
1,oz,lime juice,1,593
,dash,of grenadine,2,593
,dash,of orange flower water,3,593
1 1/2,oz,tequila,0,594
1/4,oz,kahlúa,1,594
2,oz,pineapple juice,2,594
3/4,oz,heavy cream,3,594
1/4,oz,coconut cream,4,594
2,oz,silver tequila,0,595
1,oz,lime juice,1,595
1,teaspoon,sugar,2,595
2,,to 3 ounces chilled club soda,3,595
2,oz,silver tequila,0,596
1,oz,pernod,1,596
1/2,oz,lemon juice,2,596
2,oz,silver tequila,0,597
1/2,oz,white crème de menthe,1,597
1,oz,lime juice,2,597
,,thinly sliced lime wheel,3,597
1 1/2,oz,tequila,0,598
3/4,oz,lemon juice,1,598
1/2,oz,simple syrup,2,598
,,maraschino cherry,3,598
4.5,cl,tequila,0,599
9,cl,orange juice,1,599
1.5,cl,grenadine,2,599
1 1/2,oz,silver tequila,0,600
6,oz,orange juice,1,600
1/2,oz,grenadine (or chambord),2,600
1 1/2,oz,josé cuervo especial tequila,0,601
1/2,oz,grand marnier,1,601
1/2,oz,cointreau,2,601
,,orange slice,3,601
2,oz,good-quality silver tequila,0,602
2,,to 3 dashes dry vermouth,1,602
,dash,of angostura bitters,2,602
,,lemon twist,3,602
1/4,oz,cabernet sauvignon,0,603
1 1/2,oz,premium silver tequila,1,603
,,lime peel spiral,2,603
1.75,oz,bulleit bourbon,0,604
0.75,oz,campari,1,604
0.5,oz,dolin sweet vermouth,2,604
0.25,oz,st. george nola coffee liqueur,3,604
1.5,oz,amber martinician rhum,0,605
0.5,oz,demerara rum,1,605
0.5,oz,lime juice,2,605
0.5,oz,orange juice,3,605
0.5,oz,honey mix [1:1 honey syrup],4,605
0.5,oz,falernum,5,605
0.25,oz,pimento dram,6,605
6,oz,crushed ice,7,605
1 1/2,oz,malibu rum (or other coconut-flavored rum),0,606
1,oz,blue curaçao,1,606
3/4,oz,lime juice,2,606
1/2,oz,amaretto,3,606
1,tablespoon,coconut cream,4,606
1,teaspoon,superfine sugar,5,606
,,lime slice,6,606
,,small orchid,7,606
1,oz,dark rum,0,607
1,oz,brandy,1,607
4,oz,half-and-half,2,607
2,tsp,sugar,3,607
,,freshly grated or ground nutmeg,4,607
1,oz,reposado tequila,0,608
1/2,oz,kahlúa,1,608
1/2,oz,baileys irish cream,2,608
1 1/2,oz,cold espresso,3,608
,pinch,of ground cinnamon,4,608
,,a tequila take on the sidecar.,0,609
,,lemon wedge,1,609
,,sugar,2,609
2,oz,reposado tequila,3,609
1,oz,lemon juice,4,609
1,oz,orange juice,5,609
1,oz,cointreau,6,609
1/2,oz,simple syrup,7,609
,,lemon twist,8,609
2 1/2,oz,pineapple-infused rum (see page 247),0,610
1/2,oz,maraschino liqueur,1,610
1/2,oz,thai coconut milk,2,610
2,oz,mango juice,3,610
1,oz,amaretto,0,611
1,oz,kahlúa,1,611
1,oz,heavy cream,2,611
1 1/2,oz,malibu rum,0,612
1,oz,thai coconut milk,1,612
1/4,oz,goldschläger cinnamon schnapps,2,612
,,ground cinnamon,3,612
,,range blossom,4,612
,,lime wedge,0,613
1/4,teaspoon,grated ginger,1,613
1/2,teaspoon,wasabi (or prepared horseradish),2,613
1/2,teaspoon,minced garlic,3,613
4,dash,es soy sauce,4,613
1/2,oz,lemon juice,5,613
,pinch,of freshly cracked pepper,6,613
2,oz,vodka (or pepper-flavored vodka) 3 ounces chilled tomato juice,7,613
,,lemongrass stalk,8,613
1,,egg,0,614
.5,oz,simple syrup,1,614
1,oz,dark rum,2,614
1,oz,cognac/brandy(/monica?),3,614
,,hot water/milk,4,614
,,grated nutmeg,5,614
4.5,cl,tequila,0,615
1.5,cl,freshly squeezed lime juice,1,615
2,,bar spoons of agave nectar,2,615
1 1/2,oz,silver tequila,0,616
1/2,oz,white crème de cacao,1,616
,,whipped cream,2,616
,,unsweetened cocoa powder,3,616
2,oz,rittenhouse 100 rye,0,617
0.5,oz,fernet-branca,1,617
1,tsp,demerara syrup,2,617
3,cl,old tom gin,0,618
3,cl,dry vermouth,1,618
1/2,,bar spoon maraschino,2,618
1/4,,bar spoon absinthe,3,618
3,dash,es orange bitters,4,618
1,oz,white rum,0,619
0.5,oz,brandy,1,619
0.5,oz,rye whiskey,2,619
0.5,oz,lemon juice,3,619
0.5,oz,grenadine,4,619
2,oz,rye,0,620
1/2,oz,bénédictine,1,620
1/4,oz,lemon juice,2,620
1/4,oz,lime juice,3,620
1/4,oz,simple syrup,4,620
,,thin slice of lemon,5,620
1 1/2,oz,silver tequila,0,621
2,oz,tomato juice,1,621
1,oz,orange juice,2,621
1,teaspoon,honey,3,621
1/2,oz,lime juice,4,621
1,tablespoon,diced onion,5,621
1,teaspoon,diced jalapeño chile,6,621
2,,to 3 dashes worcestershire sauce,7,621
,,lime wedge,8,621
,,jalapeño chile slice,9,621
1,oz,cointreau,0,622
1,oz,white crème de cacao,1,622
1/2,oz,brandy,2,622
1,oz,heavy cream,3,622
1 1/2,oz,rhum barbancourt,0,623
1/2,oz,pernod (or other absinthe substitute),1,623
1/2,oz,amaretto,2,623
1/4,cup,softened vanilla ice cream,3,623
,,freshly grated or ground nutmeg,4,623
,,chocolate shavings,5,623
2,oz,gin,0,624
1,oz,cointreau,1,624
1/4,oz,simple syrup,2,624
,dash,of peychaud’s bitters,3,624
8,,raspberries,4,624
2,oz,vodka,0,625
1,oz,banana liqueur,1,625
3,,to 5 ounces chilled ginger ale,2,625
1/2,teaspoon,bénédictine,0,626
,dash,of peychaud’s bitters,1,626
,dash,of angostura bitters,2,626
1/2,oz,rye,3,626
1/2,oz,cognac,4,626
1/2,oz,sweet vermouth,5,626
,,lemon twist,6,626
1,oz,sazerac 6-year-old rye whiskey,0,627
1,oz,hine v.s.o.p. cognac,1,627
1,oz,carpano antica sweet vermouth,2,627
0.25,oz,bndictine,3,627
1,dash,angostura bitters,4,627
1,dash,peychauds bitters,5,627
1,oz,rye whiskey [bulleit rye],0,628
1,oz,cognac [remy martin vsop],1,628
1,oz,sweet vermouth [dolin rouge],2,628
1,tsp,bndictine,3,628
2,dash,es peychauds bitters,4,628
2,dash,es angostura bitters,5,628
40,ml,bourbon,0,629
20,ml,sweet vermouth,1,629
2.5,ml,maraschino,2,629
3,dash,es angostura bitters,3,629
1,oz,gin,0,630
1,oz,sweet vermouth,1,630
1,oz,campari,2,630
1 1/2,oz,vodka,0,631
1 1/2,oz,rose’s lime juice,1,631
2,oz,vodka,0,632
1/2,oz,dry vermouth,1,632
,,lemon twist (or green cocktail olive),2,632
5,cl,cognac,0,633
2,cl,crme de menthe (white),1,633
1,,to 3 lime wedges,0,634
2,oz,vodka,1,634
3,,to 5 ounces chilled tonic water,2,634
1 1/2,oz,bourbon,0,635
3/4,oz,pernod,1,635
1/2,oz,sweet vermouth,2,635
,dash,of angostura bitters,3,635
1 1/2,oz,bourbon,0,636
1/2,oz,galliano,1,636
1,oz,lemon juice,2,636
1,teaspoon,sugar,3,636
,,mint sprig,4,636
1 1/2,oz,vodka,0,637
3/4,oz,tuaca,1,637
1/4,oz,walnut liqueur,2,637
,,orange twist,3,637
2,oz,rye whiskey,0,638
0.5,oz,lemon juice,1,638
0.5,oz,orange juice,2,638
1,tsp,grenadine,3,638
2,oz,rittenhouse bonded rye whiskey,0,639
0.5,oz,lemon juice,1,639
0.5,oz,orange juice,2,639
0.25,oz,simple syrup,3,639
1,,barspoon al wadi pomegranate molasses,4,639
,,juice of 1 lemon,0,640
1,,barspoon superfine sugar,1,640
3,oz,rye wiskey,2,640
1,,sprig of mint,3,640
2,oz,bourbon whiskey,0,641
1,oz,simple syrup,1,641
0.75,oz,lemon juice,2,641
0.25,oz,grenadine,3,641
2,oz,straight rye whiskey,0,642
1,oz,orange juice,1,642
1,oz,lemon juice,2,642
2,oz,bourbon,0,643
0.5,oz,orange juice,1,643
0.5,oz,lemon juice,2,643
0.5,oz,grenadine,3,643
2,oz,bourbon (or rye),0,644
1,oz,lemon juice,1,644
1,oz,orange juice,2,644
,dash,of grenadine,3,644
,,maraschino cherry,4,644
,,orange slice,5,644
,,lemon slice,6,644
2,oz,bourbon,0,645
,,angostura bitters,1,645
,,sugar cube,2,645
,,orange slice,3,645
,,maraschino cherry,4,645
,,splash of club soda,5,645
,,hot water,6,645
2,qt,s lager,0,646
1,qt,rum,1,646
5,oz,simple syrup,2,646
3,oz,lemon juice,3,646
1,tsp,nutmeg,4,646
1,tsp,ginger,5,646
,,fruit,6,646
0.75,oz,gin,0,647
0.75,oz,creme de violette/yvette,1,647
0.75,oz,cointreau,2,647
0.75,oz,lemon juice,3,647
0.75,oz,plymouth gin,0,648
0.75,oz,rothman & winter creme de violette,1,648
0.75,oz,cointreau,2,648
0.75,oz,lemon juice,3,648
1 1/2,oz,blended whiskey,0,649
3/4,oz,mandarine napoléon liqueur,1,649
1/4,oz,lemon juice,2,649
1/4,oz,simple syrup,3,649
3,,to 5 ounces chilled club soda,4,649
,,orange slice,5,649
1,oz,vodka,0,650
1,oz,melon liqueur,1,650
2,oz,cranberry juice dash of grenadine,2,650
2,oz,dark rum,0,651
3/4,oz,banana liqueur,1,651
1,oz,orange juice,2,651
1,oz,lime juice,3,651
1,oz,pineapple juice,4,651
,,freshly grated or ground nutmeg,5,651
2,oz,blended or other whiskey,0,652
1,oz,lemon juice,1,652
1/2,oz,simple syrup,2,652
3,,to 5 ounces chilled club soda,3,652
,,lemon wedge,4,652
2,oz,blended or other whiskey,0,653
1/2,oz,lime juice,1,653
1/4,oz,simple syrup,2,653
3,,to 5 ounces chilled club soda,3,653
,,lime wedge,4,653
2,oz,bourbon (or blended whiskey),0,654
3/4,oz,lemon juice,1,654
1/2,oz,simple syrup,2,654
,,lemon or orange slice,3,654
,,maraschino cherry,4,654
4.5,cl,bourbon whiskey,0,655
3.0,cl,lemon juice,1,655
1.5,cl,sugar syrup,2,655
1 1/2,oz,vodka,0,656
3/4,oz,crème de cacao,1,656
2,oz,pineapple juice,2,656
3/4,oz,heavy cream,3,656
4,cl,gin,0,657
3,cl,triple sec,1,657
2,cl,lemon juice,2,657
2,oz,vodka,0,658
1,oz,kahlúa,1,658
1,oz,heavy cream,2,658
,,float 1/2 ounce heavy cream on top of a black russian.,3,658
5,cl,cognac,0,659
2,cl,crme de menthe (white),1,659
2,oz,lairds bonded apple brandy,0,660
0.25,oz,yellow chartreuse,1,660
0.25,oz,benedictine,2,660
2,dash,es angostura bitters,3,660
2,,orange wedges,0,661
2,,lemon wedges,1,661
2,oz,bourbon,2,661
.5,oz,cointreau,3,661
2,dash,es chocolate bitters,4,661
,,hot water,5,661
,cl,oves,6,661
1 1/4,oz,vodka,0,662
3/4,oz,peach schnapps,1,662
3,oz,cranberry juice,2,662
1 1/2,oz,blended scotch,0,663
1/2,oz,dry vermouth,1,663
1/2,oz,grapefruit juice,2,663
3,cl,white rum,0,664
1.5,cl,galliano,1,664
1.5,cl,triple sec,2,664
1.5,cl,lime juice,3,664
1,oz,dark rum,0,665
1,oz,light rum,1,665
1/4,oz,tia maria,2,665
1 1/4,oz,orange juice,3,665
1,oz,lime juice,4,665
,,mint sprig,5,665
,,maraschino cherry,6,665
,,variation: substitute 1/2 ounce galliano and 1/2 ounce cointreau for the tia maria and orange juice.,7,665
,,,8,665
3,cl,white rum,9,665
1.5,cl,galliano,10,665
1.5,cl,triple sec,11,665
1.5,cl,lime juice,12,665
1 1/2,oz,vodka,0,666
1/2,oz,galliano,1,666
1/2,oz,lime juice,2,666
1,oz,pineapple juice,3,666
3/4,oz,yellow chartreuse,0,667
3/4,oz,pernod,1,667
3/4,oz,apricot brandy,2,667
2,oz,90 proof rye,0,668
.75,oz,lemon juice,1,668
.75,oz,small hand foods pineapple gum,2,668
.5,oz,dolin blanc,3,668
1,dash,orange bitters,4,668
